problem_index,case_id,case_label,status,subject,predicate,object
1,8,full_text + noisy_diagram[illumination],OK,A,is_a,point
1,8,full_text + noisy_diagram[illumination],OK,B,is_a,point
1,8,full_text + noisy_diagram[illumination],OK,C,is_a,point
1,8,full_text + noisy_diagram[illumination],OK,D,is_a,point
1,8,full_text + noisy_diagram[illumination],OK,E,is_a,point
1,8,full_text + noisy_diagram[illumination],OK,AB,is_a,segment
1,8,full_text + noisy_diagram[illumination],OK,AC,is_a,segment
1,8,full_text + noisy_diagram[illumination],OK,BC,is_a,segment
1,8,full_text + noisy_diagram[illumination],OK,DE,is_a,segment
1,8,full_text + noisy_diagram[illumination],OK,∠A,is_a,angle
1,8,full_text + noisy_diagram[illumination],OK,∠B,is_a,angle
1,8,full_text + noisy_diagram[illumination],OK,∠CED,is_a,angle
1,8,full_text + noisy_diagram[illumination],OK,∠A,has_measure,80_deg
1,8,full_text + noisy_diagram[illumination],OK,∠B,has_measure,60_deg
1,8,full_text + noisy_diagram[illumination],OK,D,lies_on,AB
1,8,full_text + noisy_diagram[illumination],OK,E,lies_on,AC
1,8,full_text + noisy_diagram[illumination],OK,DE,parallel_to,BC
,,,,,,
2,8,full_text + noisy_diagram[illumination],OK,A,is_a,point
2,8,full_text + noisy_diagram[illumination],OK,B,is_a,point
2,8,full_text + noisy_diagram[illumination],OK,C,is_a,point
2,8,full_text + noisy_diagram[illumination],OK,D,is_a,point
2,8,full_text + noisy_diagram[illumination],OK,E,is_a,point
2,8,full_text + noisy_diagram[illumination],OK,F,is_a,point
2,8,full_text + noisy_diagram[illumination],OK,G,is_a,point
2,8,full_text + noisy_diagram[illumination],OK,AB,is_a,line
2,8,full_text + noisy_diagram[illumination],OK,CD,is_a,line
2,8,full_text + noisy_diagram[illumination],OK,EF,is_a,line
2,8,full_text + noisy_diagram[illumination],OK,EG,is_a,line
2,8,full_text + noisy_diagram[illumination],OK,AB,parallel_to,CD
2,8,full_text + noisy_diagram[illumination],OK,EF,intersects,AB
2,8,full_text + noisy_diagram[illumination],OK,EF,intersects,CD
2,8,full_text + noisy_diagram[illumination],OK,EG,intersects,CD
2,8,full_text + noisy_diagram[illumination],OK,∠EFG,is_a,angle
2,8,full_text + noisy_diagram[illumination],OK,∠EGF,is_a,angle
2,8,full_text + noisy_diagram[illumination],OK,∠EFG,has_measure,50_deg
2,8,full_text + noisy_diagram[illumination],OK,EG,bisects,∠BEF
,,,,,,
3,8,full_text + noisy_diagram[illumination],OK,A,is_a,point
3,8,full_text + noisy_diagram[illumination],OK,B,is_a,point
3,8,full_text + noisy_diagram[illumination],OK,C,is_a,point
3,8,full_text + noisy_diagram[illumination],OK,D,is_a,point
3,8,full_text + noisy_diagram[illumination],OK,AB,is_a,segment
3,8,full_text + noisy_diagram[illumination],OK,BC,is_a,segment
3,8,full_text + noisy_diagram[illumination],OK,CD,is_a,segment
3,8,full_text + noisy_diagram[illumination],OK,BD,is_a,segment
3,8,full_text + noisy_diagram[illumination],OK,∠BCD,is_a,angle
3,8,full_text + noisy_diagram[illumination],OK,∠CDB,is_a,angle
3,8,full_text + noisy_diagram[illumination],OK,CD,parallel_to,AB
3,8,full_text + noisy_diagram[illumination],OK,BD,intersects,AC
3,8,full_text + noisy_diagram[illumination],OK,BD,bisects,∠ABC
3,8,full_text + noisy_diagram[illumination],OK,∠BCD,has_measure,70_deg
3,8,full_text + noisy_diagram[illumination],OK,CD,lies_on,BC
3,8,full_text + noisy_diagram[illumination],OK,AD,intersects,BC
3,8,full_text + noisy_diagram[illumination],OK,AB,intersects,BC
3,8,full_text + noisy_diagram[illumination],OK,B,lies_on,AB
3,8,full_text + noisy_diagram[illumination],OK,B,lies_on,BC
3,8,full_text + noisy_diagram[illumination],OK,D,lies_on,CD
3,8,full_text + noisy_diagram[illumination],OK,C,lies_on,BC
3,8,full_text + noisy_diagram[illumination],OK,C,lies_on,CD
,,,,,,
4,8,full_text + noisy_diagram[illumination],OK,O,is_a,point
4,8,full_text + noisy_diagram[illumination],OK,B,is_a,point
4,8,full_text + noisy_diagram[illumination],OK,C,is_a,point
4,8,full_text + noisy_diagram[illumination],OK,AB,is_a,segment
4,8,full_text + noisy_diagram[illumination],OK,AO,is_a,segment
4,8,full_text + noisy_diagram[illumination],OK,OC,is_a,segment
4,8,full_text + noisy_diagram[illumination],OK,BC,is_a,segment
4,8,full_text + noisy_diagram[illumination],OK,∠A,is_a,angle
4,8,full_text + noisy_diagram[illumination],OK,∠C,is_a,angle
4,8,full_text + noisy_diagram[illumination],OK,∠OCB,is_a,angle
4,8,full_text + noisy_diagram[illumination],OK,AB,tangent_to,circle O
4,8,full_text + noisy_diagram[illumination],OK,AO,intersects,circle O
4,8,full_text + noisy_diagram[illumination],OK,AO,extended_line_of,AO
4,8,full_text + noisy_diagram[illumination],OK,O,center_of,circle O
4,8,full_text + noisy_diagram[illumination],OK,∠A,has_measure,36_deg
4,8,full_text + noisy_diagram[illumination],OK,AB,connects,"A, B"
4,8,full_text + noisy_diagram[illumination],OK,B,lies_on,AB
4,8,full_text + noisy_diagram[illumination],OK,A,lies_on,AO
4,8,full_text + noisy_diagram[illumination],OK,O,lies_on,AO
4,8,full_text + noisy_diagram[illumination],OK,C,lies_on,AO
4,8,full_text + noisy_diagram[illumination],OK,B,lies_on,circle O
4,8,full_text + noisy_diagram[illumination],OK,C,lies_on,circle O
,,,,,,
7,8,full_text + noisy_diagram[illumination],OK,A,is_a,point
7,8,full_text + noisy_diagram[illumination],OK,B,is_a,point
7,8,full_text + noisy_diagram[illumination],OK,C,is_a,point
7,8,full_text + noisy_diagram[illumination],OK,D,is_a,point
7,8,full_text + noisy_diagram[illumination],OK,E,is_a,point
7,8,full_text + noisy_diagram[illumination],OK,∠B,is_a,angle
7,8,full_text + noisy_diagram[illumination],OK,∠C,is_a,angle
7,8,full_text + noisy_diagram[illumination],OK,∠DAC,is_a,angle
7,8,full_text + noisy_diagram[illumination],OK,∠EAC,is_a,angle
7,8,full_text + noisy_diagram[illumination],OK,ABC,is_a,triangle
7,8,full_text + noisy_diagram[illumination],OK,ADC,is_a,triangle
7,8,full_text + noisy_diagram[illumination],OK,ADE,is_a,triangle
7,8,full_text + noisy_diagram[illumination],OK,ABC,congruent_to,ADE
7,8,full_text + noisy_diagram[illumination],OK,A,lies_on,BC
7,8,full_text + noisy_diagram[illumination],OK,A,lies_on,DE
7,8,full_text + noisy_diagram[illumination],OK,A,lies_on,AC
7,8,full_text + noisy_diagram[illumination],OK,∠B,has_measure,70_deg
7,8,full_text + noisy_diagram[illumination],OK,∠C,has_measure,30_deg
7,8,full_text + noisy_diagram[illumination],OK,∠DAC,has_measure,35_deg
,,,,,,
8,8,full_text + noisy_diagram[illumination],OK,A,is_a,point
8,8,full_text + noisy_diagram[illumination],OK,B,is_a,point
8,8,full_text + noisy_diagram[illumination],OK,C,is_a,point
8,8,full_text + noisy_diagram[illumination],OK,D,is_a,point
8,8,full_text + noisy_diagram[illumination],OK,E,is_a,point
8,8,full_text + noisy_diagram[illumination],OK,F,is_a,point
8,8,full_text + noisy_diagram[illumination],OK,AB,is_a,segment
8,8,full_text + noisy_diagram[illumination],OK,BC,is_a,segment
8,8,full_text + noisy_diagram[illumination],OK,BE,is_a,segment
8,8,full_text + noisy_diagram[illumination],OK,EC,is_a,segment
8,8,full_text + noisy_diagram[illumination],OK,CF,is_a,segment
8,8,full_text + noisy_diagram[illumination],OK,BF,is_a,segment
8,8,full_text + noisy_diagram[illumination],OK,∠ABC,is_a,angle
8,8,full_text + noisy_diagram[illumination],OK,∠DEF,is_a,angle
8,8,full_text + noisy_diagram[illumination],OK,Triangle ABC,is_a,triangle
8,8,full_text + noisy_diagram[illumination],OK,Triangle DEF,is_a,triangle
8,8,full_text + noisy_diagram[illumination],OK,Triangle ABC,congruent_to,Triangle DEF
8,8,full_text + noisy_diagram[illumination],OK,A,lies_on,AB
8,8,full_text + noisy_diagram[illumination],OK,B,lies_on,AB
8,8,full_text + noisy_diagram[illumination],OK,B,lies_on,BC
8,8,full_text + noisy_diagram[illumination],OK,C,lies_on,BC
8,8,full_text + noisy_diagram[illumination],OK,D,lies_on,DF
8,8,full_text + noisy_diagram[illumination],OK,E,lies_on,BF
8,8,full_text + noisy_diagram[illumination],OK,C,lies_on,CF
8,8,full_text + noisy_diagram[illumination],OK,BE,has_measure,5.0
8,8,full_text + noisy_diagram[illumination],OK,CF,has_measure,7.0
8,8,full_text + noisy_diagram[illumination],OK,BF,has_measure,7.0
8,8,full_text + noisy_diagram[illumination],OK,EC,has_measure,?
8,8,full_text + noisy_diagram[illumination],OK,B,corresponding_vertex,E
8,8,full_text + noisy_diagram[illumination],OK,A,corresponding_vertex,D
,,,,,,
9,8,full_text + noisy_diagram[illumination],OK,A,is_a,point
9,8,full_text + noisy_diagram[illumination],OK,B,is_a,point
9,8,full_text + noisy_diagram[illumination],OK,C,is_a,point
9,8,full_text + noisy_diagram[illumination],OK,D,is_a,point
9,8,full_text + noisy_diagram[illumination],OK,E,is_a,point
9,8,full_text + noisy_diagram[illumination],OK,AB,is_a,segment
9,8,full_text + noisy_diagram[illumination],OK,AC,is_a,segment
9,8,full_text + noisy_diagram[illumination],OK,BC,is_a,segment
9,8,full_text + noisy_diagram[illumination],OK,AD,is_a,segment
9,8,full_text + noisy_diagram[illumination],OK,DE,is_a,segment
9,8,full_text + noisy_diagram[illumination],OK,ABC,is_a,triangle
9,8,full_text + noisy_diagram[illumination],OK,angle C,has_measure,90_deg
9,8,full_text + noisy_diagram[illumination],OK,AC,has_measure,BC
9,8,full_text + noisy_diagram[illumination],OK,AD,intersects,BC
9,8,full_text + noisy_diagram[illumination],OK,AD,bisects,angle CAB
9,8,full_text + noisy_diagram[illumination],OK,AD,intersects,"BC, at, D"
9,8,full_text + noisy_diagram[illumination],OK,DE,is_perpendicular_to,AB
9,8,full_text + noisy_diagram[illumination],OK,DE,intersects,"AB, at, E"
9,8,full_text + noisy_diagram[illumination],OK,AB,has_measure,6.0_units
9,8,full_text + noisy_diagram[illumination],OK,angle C,is_a,right_angle
,,,,,,
10,8,full_text + noisy_diagram[illumination],OK,A,is_a,point
10,8,full_text + noisy_diagram[illumination],OK,B,is_a,point
10,8,full_text + noisy_diagram[illumination],OK,C,is_a,point
10,8,full_text + noisy_diagram[illumination],OK,E,is_a,point
10,8,full_text + noisy_diagram[illumination],OK,D,is_a,point
10,8,full_text + noisy_diagram[illumination],OK,AB,is_a,segment
10,8,full_text + noisy_diagram[illumination],OK,AC,is_a,segment
10,8,full_text + noisy_diagram[illumination],OK,BC,is_a,segment
10,8,full_text + noisy_diagram[illumination],OK,BD,is_a,segment
10,8,full_text + noisy_diagram[illumination],OK,CD,is_a,segment
10,8,full_text + noisy_diagram[illumination],OK,BE,is_a,segment
10,8,full_text + noisy_diagram[illumination],OK,DE,is_a,segment
10,8,full_text + noisy_diagram[illumination],OK,∠A,is_a,angle
10,8,full_text + noisy_diagram[illumination],OK,∠BDC,is_a,angle
10,8,full_text + noisy_diagram[illumination],OK,AB,has_measure,?
10,8,full_text + noisy_diagram[illumination],OK,AC,has_measure,?
10,8,full_text + noisy_diagram[illumination],OK,BC,has_measure,?
10,8,full_text + noisy_diagram[illumination],OK,∠A,has_measure,36_deg
10,8,full_text + noisy_diagram[illumination],OK,AB,intersects,AC
10,8,full_text + noisy_diagram[illumination],OK,AB,intersects,DE
10,8,full_text + noisy_diagram[illumination],OK,AC,intersects,DE
10,8,full_text + noisy_diagram[illumination],OK,BD,intersects,AC
10,8,full_text + noisy_diagram[illumination],OK,DE,perpendicular_to,BC
10,8,full_text + noisy_diagram[illumination],OK,BD,lies_on,perpendicular_bisector_of_AB
,,,,,,
11,8,full_text + noisy_diagram[illumination],OK,A,B,"C, D, E, F"
11,8,full_text + noisy_diagram[illumination],OK,A,is_a,point
11,8,full_text + noisy_diagram[illumination],OK,B,is_a,point
11,8,full_text + noisy_diagram[illumination],OK,C,is_a,point
11,8,full_text + noisy_diagram[illumination],OK,D,is_a,point
11,8,full_text + noisy_diagram[illumination],OK,E,is_a,point
11,8,full_text + noisy_diagram[illumination],OK,F,is_a,point
11,8,full_text + noisy_diagram[illumination],OK,∠C,is_a,angle
11,8,full_text + noisy_diagram[illumination],OK,∠AFC,is_a,angle
11,8,full_text + noisy_diagram[illumination],OK,∠C,has_measure,36_deg
11,8,full_text + noisy_diagram[illumination],OK,∠EAD,has_measure,60_deg
11,8,full_text + noisy_diagram[illumination],OK,A,connects,B
11,8,full_text + noisy_diagram[illumination],OK,A,connects,C
11,8,full_text + noisy_diagram[illumination],OK,A,connects,D
11,8,full_text + noisy_diagram[illumination],OK,A,connects,E
11,8,full_text + noisy_diagram[illumination],OK,B,connects,C
11,8,full_text + noisy_diagram[illumination],OK,D,connects,C
11,8,full_text + noisy_diagram[illumination],OK,E,connects,D
11,8,full_text + noisy_diagram[illumination],OK,F,lies_on,BC
11,8,full_text + noisy_diagram[illumination],OK,F,lies_on,AD
,,,,,,
14,8,full_text + noisy_diagram[illumination],OK,A,is_a,point
14,8,full_text + noisy_diagram[illumination],OK,B,is_a,point
14,8,full_text + noisy_diagram[illumination],OK,C,is_a,point
14,8,full_text + noisy_diagram[illumination],OK,O,is_a,point
14,8,full_text + noisy_diagram[illumination],OK,AB,is_a,segment
14,8,full_text + noisy_diagram[illumination],OK,AC,is_a,segment
14,8,full_text + noisy_diagram[illumination],OK,BC,is_a,segment
14,8,full_text + noisy_diagram[illumination],OK,AO,is_a,segment
14,8,full_text + noisy_diagram[illumination],OK,BO,is_a,segment
14,8,full_text + noisy_diagram[illumination],OK,CO,is_a,segment
14,8,full_text + noisy_diagram[illumination],OK,∠OAB,is_a,angle
14,8,full_text + noisy_diagram[illumination],OK,∠OAB,has_measure,35_deg
14,8,full_text + noisy_diagram[illumination],OK,ABC,is_a,triangle
14,8,full_text + noisy_diagram[illumination],OK,O,center_of,circle
14,8,full_text + noisy_diagram[illumination],OK,ABC,lies_on,circle
14,8,full_text + noisy_diagram[illumination],OK,A,lies_on,circle
14,8,full_text + noisy_diagram[illumination],OK,B,lies_on,circle
14,8,full_text + noisy_diagram[illumination],OK,C,lies_on,circle
14,8,full_text + noisy_diagram[illumination],OK,∠ACB,is_a,angle
14,8,full_text + noisy_diagram[illumination],OK,∠ACB,has_measure,?
,,,,,,
16,8,full_text + noisy_diagram[illumination],OK,O,is_a,point
16,8,full_text + noisy_diagram[illumination],OK,B,is_a,point
16,8,full_text + noisy_diagram[illumination],OK,C,is_a,point
16,8,full_text + noisy_diagram[illumination],OK,A,is_a,point
16,8,full_text + noisy_diagram[illumination],OK,OB,is_a,radius
16,8,full_text + noisy_diagram[illumination],OK,circle O,is_a,circle
16,8,full_text + noisy_diagram[illumination],OK,AC,is_a,chord
16,8,full_text + noisy_diagram[illumination],OK,AC,parallel_to,OB
16,8,full_text + noisy_diagram[illumination],OK,∠BOC,is_a,angle
16,8,full_text + noisy_diagram[illumination],OK,∠BOC,has_measure,50_deg
16,8,full_text + noisy_diagram[illumination],OK,∠OAB,is_a,angle
16,8,full_text + noisy_diagram[illumination],OK,∠OAB,has_measure,?
16,8,full_text + noisy_diagram[illumination],OK,OB,lies_on,circle O
16,8,full_text + noisy_diagram[illumination],OK,OC,is_a,radius
16,8,full_text + noisy_diagram[illumination],OK,OC,lies_on,circle O
,,,,,,
17,8,full_text + noisy_diagram[illumination],OK,A,is_a,point
17,8,full_text + noisy_diagram[illumination],OK,B,is_a,point
17,8,full_text + noisy_diagram[illumination],OK,C,is_a,point
17,8,full_text + noisy_diagram[illumination],OK,D,is_a,point
17,8,full_text + noisy_diagram[illumination],OK,ABCD,is_a,parallelogram
17,8,full_text + noisy_diagram[illumination],OK,AC,is_a,diagonal
17,8,full_text + noisy_diagram[illumination],OK,BD,is_a,diagonal
17,8,full_text + noisy_diagram[illumination],OK,AC,intersects,BD
17,8,full_text + noisy_diagram[illumination],OK,AC,intersects,"BD, at, O"
17,8,full_text + noisy_diagram[illumination],OK,O,is_a,intersection_point
17,8,full_text + noisy_diagram[illumination],OK,∠DAC,has_measure,42_deg
17,8,full_text + noisy_diagram[illumination],OK,∠CBD,has_measure,23_deg
,,,,,,
20,8,full_text + noisy_diagram[illumination],OK,A,is_a,point
20,8,full_text + noisy_diagram[illumination],OK,O,is_a,point
20,8,full_text + noisy_diagram[illumination],OK,B,is_a,point
20,8,full_text + noisy_diagram[illumination],OK,C,is_a,point
20,8,full_text + noisy_diagram[illumination],OK,D,is_a,point
20,8,full_text + noisy_diagram[illumination],OK,AB,is_a,segment
20,8,full_text + noisy_diagram[illumination],OK,AC,is_a,segment
20,8,full_text + noisy_diagram[illumination],OK,BC,is_a,segment
20,8,full_text + noisy_diagram[illumination],OK,CD,is_a,segment
20,8,full_text + noisy_diagram[illumination],OK,OD,is_a,segment
20,8,full_text + noisy_diagram[illumination],OK,∠DOB,is_a,angle
20,8,full_text + noisy_diagram[illumination],OK,∠DOB,has_measure,140_deg
20,8,full_text + noisy_diagram[illumination],OK,AB,diameter_of,circle O
20,8,full_text + noisy_diagram[illumination],OK,C,lies_on,circle O
20,8,full_text + noisy_diagram[illumination],OK,D,lies_on,circle O
,,,,,,
22,8,full_text + noisy_diagram[illumination],OK,A,is_a,point
22,8,full_text + noisy_diagram[illumination],OK,B,is_a,point
22,8,full_text + noisy_diagram[illumination],OK,C,is_a,point
22,8,full_text + noisy_diagram[illumination],OK,D,is_a,point
22,8,full_text + noisy_diagram[illumination],OK,M,is_a,point
22,8,full_text + noisy_diagram[illumination],OK,N,is_a,point
22,8,full_text + noisy_diagram[illumination],OK,O,is_a,point
22,8,full_text + noisy_diagram[illumination],OK,AB,is_a,segment
22,8,full_text + noisy_diagram[illumination],OK,BC,is_a,segment
22,8,full_text + noisy_diagram[illumination],OK,CD,is_a,segment
22,8,full_text + noisy_diagram[illumination],OK,DA,is_a,segment
22,8,full_text + noisy_diagram[illumination],OK,AM,is_a,segment
22,8,full_text + noisy_diagram[illumination],OK,CN,is_a,segment
22,8,full_text + noisy_diagram[illumination],OK,MN,is_a,segment
22,8,full_text + noisy_diagram[illumination],OK,AC,is_a,segment
22,8,full_text + noisy_diagram[illumination],OK,BO,is_a,segment
22,8,full_text + noisy_diagram[illumination],OK,∠DAC,is_a,angle
22,8,full_text + noisy_diagram[illumination],OK,∠OBC,is_a,angle
22,8,full_text + noisy_diagram[illumination],OK,∠DAC,has_measure,28_deg
,,,,,,
25,8,full_text + noisy_diagram[illumination],OK,A,is_a,point
25,8,full_text + noisy_diagram[illumination],OK,B,is_a,point
25,8,full_text + noisy_diagram[illumination],OK,C,is_a,point
25,8,full_text + noisy_diagram[illumination],OK,E,is_a,point
25,8,full_text + noisy_diagram[illumination],OK,F,is_a,point
25,8,full_text + noisy_diagram[illumination],OK,EF,is_a,line
25,8,full_text + noisy_diagram[illumination],OK,BC,is_a,line
25,8,full_text + noisy_diagram[illumination],OK,AC,is_a,line
25,8,full_text + noisy_diagram[illumination],OK,AB,is_a,line
25,8,full_text + noisy_diagram[illumination],OK,AC,intersects,EF
25,8,full_text + noisy_diagram[illumination],OK,AC,intersects,BC
25,8,full_text + noisy_diagram[illumination],OK,∠ABC,is_a,angle
25,8,full_text + noisy_diagram[illumination],OK,∠B,has_measure,50_deg
25,8,full_text + noisy_diagram[illumination],OK,EF,parallel_to,BC
25,8,full_text + noisy_diagram[illumination],OK,AC,bisects,∠BAF
,,,,,,
26,8,full_text + noisy_diagram[illumination],OK,B,is_a,point
26,8,full_text + noisy_diagram[illumination],OK,C,is_a,point
26,8,full_text + noisy_diagram[illumination],OK,O,is_a,point
26,8,full_text + noisy_diagram[illumination],OK,AB,is_a,segment
26,8,full_text + noisy_diagram[illumination],OK,AC,is_a,segment
26,8,full_text + noisy_diagram[illumination],OK,BC,is_a,segment
26,8,full_text + noisy_diagram[illumination],OK,∠BAC,is_a,angle
26,8,full_text + noisy_diagram[illumination],OK,3.2,has_measure,length
26,8,full_text + noisy_diagram[illumination],OK,8,has_measure,length
26,8,full_text + noisy_diagram[illumination],OK,22,has_measure,length
26,8,full_text + noisy_diagram[illumination],OK,AB,has_measure,3.2_units
26,8,full_text + noisy_diagram[illumination],OK,BC,has_measure,8_units
26,8,full_text + noisy_diagram[illumination],OK,AC,has_measure,22_units
26,8,full_text + noisy_diagram[illumination],OK,Xiaodong,uses,bamboo_pole
26,8,full_text + noisy_diagram[illumination],OK,bamboo_pole,has_length,3.2_m
26,8,full_text + noisy_diagram[illumination],OK,distance,between,"bamboo_pole, point, 8_m"
26,8,full_text + noisy_diagram[illumination],OK,flagpole,is_at,22_m
26,8,full_text + noisy_diagram[illumination],OK,flagpole,height,?
,,,,,,
29,8,full_text + noisy_diagram[illumination],OK,A,is_a,point
29,8,full_text + noisy_diagram[illumination],OK,B,is_a,point
29,8,full_text + noisy_diagram[illumination],OK,C,is_a,point
29,8,full_text + noisy_diagram[illumination],OK,D,is_a,point
29,8,full_text + noisy_diagram[illumination],OK,A,lies_on,line_segment_not_visible
29,8,full_text + noisy_diagram[illumination],OK,B,lies_on,line_segment_not_visible
29,8,full_text + noisy_diagram[illumination],OK,C,lies_on,line_segment_not_visible
29,8,full_text + noisy_diagram[illumination],OK,AB,is_a,segment
29,8,full_text + noisy_diagram[illumination],OK,BD,is_a,segment
29,8,full_text + noisy_diagram[illumination],OK,CD,is_a,segment
29,8,full_text + noisy_diagram[illumination],OK,∠A,is_a,angle
29,8,full_text + noisy_diagram[illumination],OK,∠BDC,is_a,angle
29,8,full_text + noisy_diagram[illumination],OK,∠A,has_measure,50_deg
29,8,full_text + noisy_diagram[illumination],OK,D,lies_on,BD
29,8,full_text + noisy_diagram[illumination],OK,D,lies_on,CD
,,,,,,
30,8,full_text + noisy_diagram[illumination],OK,O,is_a,point
30,8,full_text + noisy_diagram[illumination],OK,A,is_a,point
30,8,full_text + noisy_diagram[illumination],OK,B,is_a,point
30,8,full_text + noisy_diagram[illumination],OK,C,is_a,point
30,8,full_text + noisy_diagram[illumination],OK,OA,is_a,segment
30,8,full_text + noisy_diagram[illumination],OK,OB,is_a,segment
30,8,full_text + noisy_diagram[illumination],OK,OC,is_a,segment
30,8,full_text + noisy_diagram[illumination],OK,AC,is_a,segment
30,8,full_text + noisy_diagram[illumination],OK,BC,is_a,segment
30,8,full_text + noisy_diagram[illumination],OK,AB,is_a,segment
30,8,full_text + noisy_diagram[illumination],OK,∠AOB,is_a,angle
30,8,full_text + noisy_diagram[illumination],OK,∠ACB,is_a,angle
30,8,full_text + noisy_diagram[illumination],OK,OA,has_measure,?
30,8,full_text + noisy_diagram[illumination],OK,OB,has_measure,?
30,8,full_text + noisy_diagram[illumination],OK,OC,has_measure,?
30,8,full_text + noisy_diagram[illumination],OK,∠ACB,has_measure,30_deg
30,8,full_text + noisy_diagram[illumination],OK,OA,equal_to,OB
30,8,full_text + noisy_diagram[illumination],OK,OA,equal_to,OC
30,8,full_text + noisy_diagram[illumination],OK,OB,equal_to,OC
,,,,,,
32,8,full_text + noisy_diagram[illumination],OK,A,is_a,point
32,8,full_text + noisy_diagram[illumination],OK,I,is_a,point
32,8,full_text + noisy_diagram[illumination],OK,B,is_a,point
32,8,full_text + noisy_diagram[illumination],OK,C,is_a,point
32,8,full_text + noisy_diagram[illumination],OK,D,is_a,point
32,8,full_text + noisy_diagram[illumination],OK,E,is_a,point
32,8,full_text + noisy_diagram[illumination],OK,F,is_a,point
32,8,full_text + noisy_diagram[illumination],OK,AB,is_a,segment
32,8,full_text + noisy_diagram[illumination],OK,AC,is_a,segment
32,8,full_text + noisy_diagram[illumination],OK,BC,is_a,segment
32,8,full_text + noisy_diagram[illumination],OK,DEF,is_a,angle
32,8,full_text + noisy_diagram[illumination],OK,∠DEF,is_a,angle
32,8,full_text + noisy_diagram[illumination],OK,∠A,is_a,angle
32,8,full_text + noisy_diagram[illumination],OK,I,center_of,circle
32,8,full_text + noisy_diagram[illumination],OK,circle I,is_a,circle
32,8,full_text + noisy_diagram[illumination],OK,DEF,has_measure,52_deg
32,8,full_text + noisy_diagram[illumination],OK,∠DEF,has_measure,52_deg
32,8,full_text + noisy_diagram[illumination],OK,D,lies_on,BC
32,8,full_text + noisy_diagram[illumination],OK,E,lies_on,AC
32,8,full_text + noisy_diagram[illumination],OK,F,lies_on,AB
32,8,full_text + noisy_diagram[illumination],OK,ID,is_a,radius_of
32,8,full_text + noisy_diagram[illumination],OK,IE,is_a,radius_of
32,8,full_text + noisy_diagram[illumination],OK,IF,is_a,radius_of
32,8,full_text + noisy_diagram[illumination],OK,ID,tangent_to,circle I
32,8,full_text + noisy_diagram[illumination],OK,IE,tangent_to,circle I
32,8,full_text + noisy_diagram[illumination],OK,IF,tangent_to,circle I
32,8,full_text + noisy_diagram[illumination],OK,DF,tangent_to,circle I
32,8,full_text + noisy_diagram[illumination],OK,EF,tangent_to,circle I
32,8,full_text + noisy_diagram[illumination],OK,DE,tangent_to,circle I
,,,,,,
34,8,full_text + noisy_diagram[illumination],OK,A,is_a,point
34,8,full_text + noisy_diagram[illumination],OK,B,is_a,point
34,8,full_text + noisy_diagram[illumination],OK,C,is_a,point
34,8,full_text + noisy_diagram[illumination],OK,D,is_a,point
34,8,full_text + noisy_diagram[illumination],OK,E,is_a,point
34,8,full_text + noisy_diagram[illumination],OK,F,is_a,point
34,8,full_text + noisy_diagram[illumination],OK,AB,is_a,line
34,8,full_text + noisy_diagram[illumination],OK,CD,is_a,line
34,8,full_text + noisy_diagram[illumination],OK,EF,is_a,line
34,8,full_text + noisy_diagram[illumination],OK,AB,parallel_to,CD
34,8,full_text + noisy_diagram[illumination],OK,AB,lies_on,left_of
34,8,full_text + noisy_diagram[illumination],OK,CD,lies_on,right_of
34,8,full_text + noisy_diagram[illumination],OK,P,is_a,point
34,8,full_text + noisy_diagram[illumination],OK,Q,is_a,point
34,8,full_text + noisy_diagram[illumination],OK,P,lies_on,EF
34,8,full_text + noisy_diagram[illumination],OK,P,lies_on,AB
34,8,full_text + noisy_diagram[illumination],OK,Q,lies_on,EF
34,8,full_text + noisy_diagram[illumination],OK,Q,lies_on,CD
34,8,full_text + noisy_diagram[illumination],OK,∠BPF,is_a,angle
34,8,full_text + noisy_diagram[illumination],OK,∠BPF,has_measure,100_deg
34,8,full_text + noisy_diagram[illumination],OK,∠CQF,is_a,angle
,,,,,,
36,8,full_text + noisy_diagram[illumination],OK,O,is_a,point
36,8,full_text + noisy_diagram[illumination],OK,A,is_a,point
36,8,full_text + noisy_diagram[illumination],OK,B,is_a,point
36,8,full_text + noisy_diagram[illumination],OK,C,is_a,point
36,8,full_text + noisy_diagram[illumination],OK,D,is_a,point
36,8,full_text + noisy_diagram[illumination],OK,AB,is_a,segment
36,8,full_text + noisy_diagram[illumination],OK,AC,is_a,segment
36,8,full_text + noisy_diagram[illumination],OK,CD,is_a,segment
36,8,full_text + noisy_diagram[illumination],OK,DB,is_a,segment
36,8,full_text + noisy_diagram[illumination],OK,O,center_of,circle
36,8,full_text + noisy_diagram[illumination],OK,circle,is_a,circle
36,8,full_text + noisy_diagram[illumination],OK,AB,is_a,"diameter_of, circle"
36,8,full_text + noisy_diagram[illumination],OK,C,lies_on,circle
36,8,full_text + noisy_diagram[illumination],OK,CD,tangent_to,circle
36,8,full_text + noisy_diagram[illumination],OK,CD,intersects,line_AB
36,8,full_text + noisy_diagram[illumination],OK,point_D,lies_on,line_AB
36,8,full_text + noisy_diagram[illumination],OK,∠DCB,has_measure,50_deg
36,8,full_text + noisy_diagram[illumination],OK,∠DCB,is_a,angle
36,8,full_text + noisy_diagram[illumination],OK,AC,connects,"A, C"
36,8,full_text + noisy_diagram[illumination],OK,query_target,is_a,angle_BAC
,,,,,,
37,8,full_text + noisy_diagram[illumination],OK,A,is_a,point
37,8,full_text + noisy_diagram[illumination],OK,AB,is_a,line
37,8,full_text + noisy_diagram[illumination],OK,CD,is_a,line
37,8,full_text + noisy_diagram[illumination],OK,O,is_a,point
37,8,full_text + noisy_diagram[illumination],OK,C,is_a,point
37,8,full_text + noisy_diagram[illumination],OK,P,is_a,point
37,8,full_text + noisy_diagram[illumination],OK,AO,is_a,segment
37,8,full_text + noisy_diagram[illumination],OK,OP,is_a,segment
37,8,full_text + noisy_diagram[illumination],OK,AP,is_a,segment
37,8,full_text + noisy_diagram[illumination],OK,OCD,has_measure,50_deg
37,8,full_text + noisy_diagram[illumination],OK,AO,has_measure,OP
37,8,full_text + noisy_diagram[illumination],OK,C,O,"P, are_collinear"
37,8,full_text + noisy_diagram[illumination],OK,A,lies_on,AB
37,8,full_text + noisy_diagram[illumination],OK,O,lies_on,AB
37,8,full_text + noisy_diagram[illumination],OK,O,lies_on,CD
37,8,full_text + noisy_diagram[illumination],OK,C,lies_on,CD
,,,,,,
38,8,full_text + noisy_diagram[illumination],OK,A,is_a,point
38,8,full_text + noisy_diagram[illumination],OK,B,is_a,point
38,8,full_text + noisy_diagram[illumination],OK,C,is_a,point
38,8,full_text + noisy_diagram[illumination],OK,D,is_a,point
38,8,full_text + noisy_diagram[illumination],OK,AB,is_a,segment
38,8,full_text + noisy_diagram[illumination],OK,AC,is_a,segment
38,8,full_text + noisy_diagram[illumination],OK,AD,is_a,line
38,8,full_text + noisy_diagram[illumination],OK,BC,is_a,segment
38,8,full_text + noisy_diagram[illumination],OK,∠CAD,is_a,angle
38,8,full_text + noisy_diagram[illumination],OK,∠BAC,is_a,angle
38,8,full_text + noisy_diagram[illumination],OK,AB,has_measure,?
38,8,full_text + noisy_diagram[illumination],OK,AC,has_measure,?
38,8,full_text + noisy_diagram[illumination],OK,BC,has_measure,?
38,8,full_text + noisy_diagram[illumination],OK,AD,intersects,AC
38,8,full_text + noisy_diagram[illumination],OK,AD,parallel_to,BC
38,8,full_text + noisy_diagram[illumination],OK,∠CAD,has_measure,70_deg
,,,,,,
40,8,full_text + noisy_diagram[illumination],OK,A,is_a,point
40,8,full_text + noisy_diagram[illumination],OK,a,is_a,line
40,8,full_text + noisy_diagram[illumination],OK,b,is_a,line
40,8,full_text + noisy_diagram[illumination],OK,c,is_a,line
40,8,full_text + noisy_diagram[illumination],OK,A,lies_on,a
40,8,full_text + noisy_diagram[illumination],OK,B,lies_on,b
40,8,full_text + noisy_diagram[illumination],OK,C,lies_on,c
40,8,full_text + noisy_diagram[illumination],OK,D,lies_on,c
40,8,full_text + noisy_diagram[illumination],OK,E,lies_on,c
40,8,full_text + noisy_diagram[illumination],OK,F,lies_on,c
40,8,full_text + noisy_diagram[illumination],OK,a,parallel_to,b
40,8,full_text + noisy_diagram[illumination],OK,c,intersects,a
40,8,full_text + noisy_diagram[illumination],OK,c,intersects,b
40,8,full_text + noisy_diagram[illumination],OK,∠AEC,has_measure,50_deg
40,8,full_text + noisy_diagram[illumination],OK,∠AEC,is_a,angle
40,8,full_text + noisy_diagram[illumination],OK,AB,is_a,segment
40,8,full_text + noisy_diagram[illumination],OK,BF,is_a,segment
40,8,full_text + noisy_diagram[illumination],OK,CD,is_a,segment
,,,,,,
43,8,full_text + noisy_diagram[illumination],OK,A,is_a,point
43,8,full_text + noisy_diagram[illumination],OK,O,is_a,point
43,8,full_text + noisy_diagram[illumination],OK,B,is_a,point
43,8,full_text + noisy_diagram[illumination],OK,D,is_a,point
43,8,full_text + noisy_diagram[illumination],OK,C,is_a,point
43,8,full_text + noisy_diagram[illumination],OK,OA,is_a,segment
43,8,full_text + noisy_diagram[illumination],OK,OD,is_a,segment
43,8,full_text + noisy_diagram[illumination],OK,OC,is_a,segment
43,8,full_text + noisy_diagram[illumination],OK,OB,is_a,segment
43,8,full_text + noisy_diagram[illumination],OK,OAB,is_a,triangle
43,8,full_text + noisy_diagram[illumination],OK,ODC,is_a,triangle
43,8,full_text + noisy_diagram[illumination],OK,AOC,has_measure,100_deg
43,8,full_text + noisy_diagram[illumination],OK,AOD,has_measure,30_deg
43,8,full_text + noisy_diagram[illumination],OK,OAB,rotated_about,O
43,8,full_text + noisy_diagram[illumination],OK,OAB,rotated_about,30_deg
43,8,full_text + noisy_diagram[illumination],OK,A,mapped_to,D
43,8,full_text + noisy_diagram[illumination],OK,B,mapped_to,C
43,8,full_text + noisy_diagram[illumination],OK,OD,center_of,OA
43,8,full_text + noisy_diagram[illumination],OK,OC,center_of,OB
,,,,,,
44,8,full_text + noisy_diagram[illumination],OK,B,is_a,point
44,8,full_text + noisy_diagram[illumination],OK,Xiaogang,is_a,person
44,8,full_text + noisy_diagram[illumination],OK,AB,is_a,segment
44,8,full_text + noisy_diagram[illumination],OK,25,has_measure,distance
44,8,full_text + noisy_diagram[illumination],OK,30,has_measure,distance
44,8,full_text + noisy_diagram[illumination],OK,1.5,has_measure,height
44,8,full_text + noisy_diagram[illumination],OK,Xiaogang,has_measure,1.5_units
44,8,full_text + noisy_diagram[illumination],OK,AB,has_measure,30_units
44,8,full_text + noisy_diagram[illumination],OK,Xiaogang,lies_on,segment
44,8,full_text + noisy_diagram[illumination],OK,25,is_a,distance
44,8,full_text + noisy_diagram[illumination],OK,30,is_a,distance
44,8,full_text + noisy_diagram[illumination],OK,A,is_a,street_lamp
44,8,full_text + noisy_diagram[illumination],OK,B,is_a,street_lamp
44,8,full_text + noisy_diagram[illumination],OK,?,has_measure,Height
44,8,full_text + noisy_diagram[illumination],OK,Height,is_a,street_lamp_height
,,,,,,
45,8,full_text + noisy_diagram[illumination],OK,A,is_a,point
45,8,full_text + noisy_diagram[illumination],OK,O,is_a,point
45,8,full_text + noisy_diagram[illumination],OK,B,is_a,point
45,8,full_text + noisy_diagram[illumination],OK,C,is_a,point
45,8,full_text + noisy_diagram[illumination],OK,AO,is_a,segment
45,8,full_text + noisy_diagram[illumination],OK,BO,is_a,segment
45,8,full_text + noisy_diagram[illumination],OK,AC,is_a,segment
45,8,full_text + noisy_diagram[illumination],OK,BC,is_a,segment
45,8,full_text + noisy_diagram[illumination],OK,∠ACB,is_a,angle
45,8,full_text + noisy_diagram[illumination],OK,∠ACB,has_measure,35_deg
45,8,full_text + noisy_diagram[illumination],OK,O,center_of,circle
45,8,full_text + noisy_diagram[illumination],OK,A,lies_on,circle
45,8,full_text + noisy_diagram[illumination],OK,B,lies_on,circle
,,,,,,
46,8,full_text + noisy_diagram[illumination],OK,A,is_a,point
46,8,full_text + noisy_diagram[illumination],OK,AB,is_a,line
46,8,full_text + noisy_diagram[illumination],OK,CD,is_a,line
46,8,full_text + noisy_diagram[illumination],OK,A,lies_on,AB
46,8,full_text + noisy_diagram[illumination],OK,B,lies_on,AB
46,8,full_text + noisy_diagram[illumination],OK,C,lies_on,CD
46,8,full_text + noisy_diagram[illumination],OK,D,lies_on,CD
46,8,full_text + noisy_diagram[illumination],OK,∠CAB,is_a,angle
46,8,full_text + noisy_diagram[illumination],OK,∠CAB,has_measure,70_deg
46,8,full_text + noisy_diagram[illumination],OK,AB,parallel_to,CD
46,8,full_text + noisy_diagram[illumination],OK,CD,parallel_to,AB
46,8,full_text + noisy_diagram[illumination],OK,1,is_a,angle
46,8,full_text + noisy_diagram[illumination],OK,1,has_measure,?
,,,,,,
48,8,full_text + noisy_diagram[illumination],OK,O,is_a,point
48,8,full_text + noisy_diagram[illumination],OK,A,is_a,point
48,8,full_text + noisy_diagram[illumination],OK,B,is_a,point
48,8,full_text + noisy_diagram[illumination],OK,C,is_a,point
48,8,full_text + noisy_diagram[illumination],OK,O,center_of,?
48,8,full_text + noisy_diagram[illumination],OK,B,lies_on,?
48,8,full_text + noisy_diagram[illumination],OK,O,lies_on,?
48,8,full_text + noisy_diagram[illumination],OK,C,lies_on,?
48,8,full_text + noisy_diagram[illumination],OK,A,lies_on,?
48,8,full_text + noisy_diagram[illumination],OK,∠BOC,is_a,angle
48,8,full_text + noisy_diagram[illumination],OK,∠BOC,has_measure,100_deg
,,,,,,
49,8,full_text + noisy_diagram[illumination],OK,A,is_a,point
49,8,full_text + noisy_diagram[illumination],OK,B,is_a,point
49,8,full_text + noisy_diagram[illumination],OK,C,is_a,point
49,8,full_text + noisy_diagram[illumination],OK,D,is_a,point
49,8,full_text + noisy_diagram[illumination],OK,E,is_a,point
49,8,full_text + noisy_diagram[illumination],OK,O,is_a,point
49,8,full_text + noisy_diagram[illumination],OK,AB,is_a,segment
49,8,full_text + noisy_diagram[illumination],OK,∠BAC,has_measure,35_deg
49,8,full_text + noisy_diagram[illumination],OK,∠AED,has_measure,115_deg
49,8,full_text + noisy_diagram[illumination],OK,∠OAD,has_measure,30_deg
49,8,full_text + noisy_diagram[illumination],OK,A,lies_on,circle
49,8,full_text + noisy_diagram[illumination],OK,B,lies_on,circle
49,8,full_text + noisy_diagram[illumination],OK,C,lies_on,circle
49,8,full_text + noisy_diagram[illumination],OK,D,lies_on,circle
49,8,full_text + noisy_diagram[illumination],OK,E,lies_on,circle
49,8,full_text + noisy_diagram[illumination],OK,ABCDE,is_a,pentagon
49,8,full_text + noisy_diagram[illumination],OK,ABCDE,is_a,cyclic_pentagon
49,8,full_text + noisy_diagram[illumination],OK,A,B,"C, D, E, are_on, circle"
49,8,full_text + noisy_diagram[illumination],OK,∠ABC,is_a,angle
49,8,full_text + noisy_diagram[illumination],OK,∠ABC,has_measure,?
,,,,,,
50,8,full_text + noisy_diagram[illumination],OK,A,is_a,point
50,8,full_text + noisy_diagram[illumination],OK,B,is_a,point
50,8,full_text + noisy_diagram[illumination],OK,C,is_a,point
50,8,full_text + noisy_diagram[illumination],OK,D,is_a,point
50,8,full_text + noisy_diagram[illumination],OK,E,is_a,point
50,8,full_text + noisy_diagram[illumination],OK,O,is_a,point
50,8,full_text + noisy_diagram[illumination],OK,AB,is_a,line
50,8,full_text + noisy_diagram[illumination],OK,CD,is_a,line
50,8,full_text + noisy_diagram[illumination],OK,EO,is_a,line
50,8,full_text + noisy_diagram[illumination],OK,AB,intersects,CD
50,8,full_text + noisy_diagram[illumination],OK,EO,perpendicular_to,AB
50,8,full_text + noisy_diagram[illumination],OK,∠BOD,has_measure,50_deg
50,8,full_text + noisy_diagram[illumination],OK,EO,tangent_to,AB
50,8,full_text + noisy_diagram[illumination],OK,∠EOB,is_a,90_deg
50,8,full_text + noisy_diagram[illumination],OK,∠EOA,has_measure,90_deg
,,,,,,
53,8,full_text + noisy_diagram[illumination],OK,AB,is_a,line
53,8,full_text + noisy_diagram[illumination],OK,CD,is_a,line
53,8,full_text + noisy_diagram[illumination],OK,E,is_a,point
53,8,full_text + noisy_diagram[illumination],OK,F,is_a,point
53,8,full_text + noisy_diagram[illumination],OK,C,is_a,point
53,8,full_text + noisy_diagram[illumination],OK,a,is_a,line
53,8,full_text + noisy_diagram[illumination],OK,b,is_a,line
53,8,full_text + noisy_diagram[illumination],OK,AB,lies_on,a
53,8,full_text + noisy_diagram[illumination],OK,CD,lies_on,b
53,8,full_text + noisy_diagram[illumination],OK,E,lies_on,AB
53,8,full_text + noisy_diagram[illumination],OK,F,lies_on,CD
53,8,full_text + noisy_diagram[illumination],OK,C,lies_on,transversal
53,8,full_text + noisy_diagram[illumination],OK,AEC,is_a,angle
53,8,full_text + noisy_diagram[illumination],OK,AEC,has_measure,55_deg
53,8,full_text + noisy_diagram[illumination],OK,BFD,is_a,angle
53,8,full_text + noisy_diagram[illumination],OK,a,parallel_to,b
53,8,full_text + noisy_diagram[illumination],OK,transversal,intersects,a
53,8,full_text + noisy_diagram[illumination],OK,transversal,intersects,b
53,8,full_text + noisy_diagram[illumination],OK,∠1,is_a,angle
53,8,full_text + noisy_diagram[illumination],OK,∠2,is_a,angle
,,,,,,
55,8,full_text + noisy_diagram[illumination],OK,A,is_a,point
55,8,full_text + noisy_diagram[illumination],OK,B,is_a,point
55,8,full_text + noisy_diagram[illumination],OK,C,is_a,point
55,8,full_text + noisy_diagram[illumination],OK,D,is_a,point
55,8,full_text + noisy_diagram[illumination],OK,O,is_a,point
55,8,full_text + noisy_diagram[illumination],OK,M,is_a,point
55,8,full_text + noisy_diagram[illumination],OK,N,is_a,point
55,8,full_text + noisy_diagram[illumination],OK,AB,is_a,line
55,8,full_text + noisy_diagram[illumination],OK,CD,is_a,line
55,8,full_text + noisy_diagram[illumination],OK,OM,is_a,line
55,8,full_text + noisy_diagram[illumination],OK,ON,is_a,line
55,8,full_text + noisy_diagram[illumination],OK,AB,intersects,CD
55,8,full_text + noisy_diagram[illumination],OK,O,lies_on,AB
55,8,full_text + noisy_diagram[illumination],OK,O,lies_on,CD
55,8,full_text + noisy_diagram[illumination],OK,∠AOC,has_measure,70_deg
55,8,full_text + noisy_diagram[illumination],OK,OM,bisects,∠AOC
55,8,full_text + noisy_diagram[illumination],OK,ON,perpendicular_to,OM
,,,,,,
56,8,full_text + noisy_diagram[illumination],OK,O,is_a,point
56,8,full_text + noisy_diagram[illumination],OK,C,is_a,point
56,8,full_text + noisy_diagram[illumination],OK,D,is_a,point
56,8,full_text + noisy_diagram[illumination],OK,E,is_a,point
56,8,full_text + noisy_diagram[illumination],OK,F,is_a,point
56,8,full_text + noisy_diagram[illumination],OK,G,is_a,point
56,8,full_text + noisy_diagram[illumination],OK,CD,is_a,segment
56,8,full_text + noisy_diagram[illumination],OK,EF,is_a,segment
56,8,full_text + noisy_diagram[illumination],OK,CD,diameter_of,O
56,8,full_text + noisy_diagram[illumination],OK,EF,intersects,CD
56,8,full_text + noisy_diagram[illumination],OK,G,lies_on,CD
56,8,full_text + noisy_diagram[illumination],OK,G,lies_on,EF
56,8,full_text + noisy_diagram[illumination],OK,G,is_a,midpoint
56,8,full_text + noisy_diagram[illumination],OK,G,midpoint_of,EF
56,8,full_text + noisy_diagram[illumination],OK,C,lies_on,circle
56,8,full_text + noisy_diagram[illumination],OK,E,lies_on,circle
56,8,full_text + noisy_diagram[illumination],OK,F,lies_on,circle
56,8,full_text + noisy_diagram[illumination],OK,∠DCF,has_measure,20_deg
56,8,full_text + noisy_diagram[illumination],OK,∠CGF,has_measure,?
56,8,full_text + noisy_diagram[illumination],OK,EOD,is_a,angle
,,,,,,
57,8,full_text + noisy_diagram[illumination],OK,A,is_a,point
57,8,full_text + noisy_diagram[illumination],OK,AB,is_a,segment
57,8,full_text + noisy_diagram[illumination],OK,B,is_a,point
57,8,full_text + noisy_diagram[illumination],OK,C,is_a,point
57,8,full_text + noisy_diagram[illumination],OK,CD,is_a,segment
57,8,full_text + noisy_diagram[illumination],OK,D,is_a,point
57,8,full_text + noisy_diagram[illumination],OK,AB,parallel_to,CD
57,8,full_text + noisy_diagram[illumination],OK,AB,has_measure,?
57,8,full_text + noisy_diagram[illumination],OK,∠ABC,has_measure,20_deg
57,8,full_text + noisy_diagram[illumination],OK,AB,lies_on,line
57,8,full_text + noisy_diagram[illumination],OK,CD,lies_on,line
57,8,full_text + noisy_diagram[illumination],OK,AD,intersects,BC
57,8,full_text + noisy_diagram[illumination],OK,AD,intersects,CD
57,8,full_text + noisy_diagram[illumination],OK,BC,intersects,CD
57,8,full_text + noisy_diagram[illumination],OK,ABC,is_a,angle
57,8,full_text + noisy_diagram[illumination],OK,∠DCB,has_measure,?
,,,,,,
58,8,full_text + noisy_diagram[illumination],OK,A,is_a,point
58,8,full_text + noisy_diagram[illumination],OK,AB,is_a,line
58,8,full_text + noisy_diagram[illumination],OK,C,is_a,point
58,8,full_text + noisy_diagram[illumination],OK,D,is_a,point
58,8,full_text + noisy_diagram[illumination],OK,E,is_a,point
58,8,full_text + noisy_diagram[illumination],OK,CD,is_a,line
58,8,full_text + noisy_diagram[illumination],OK,EC,is_a,segment
58,8,full_text + noisy_diagram[illumination],OK,ED,is_a,segment
58,8,full_text + noisy_diagram[illumination],OK,AB,parallel_to,CD
58,8,full_text + noisy_diagram[illumination],OK,E,lies_on,AB
58,8,full_text + noisy_diagram[illumination],OK,C,lies_on,CD
58,8,full_text + noisy_diagram[illumination],OK,D,lies_on,CD
58,8,full_text + noisy_diagram[illumination],OK,∠CED,is_a,angle
58,8,full_text + noisy_diagram[illumination],OK,∠CED,has_measure,90_deg
58,8,full_text + noisy_diagram[illumination],OK,∠AEC,is_a,angle
58,8,full_text + noisy_diagram[illumination],OK,∠AEC,has_measure,35_deg
,,,,,,
59,8,full_text + noisy_diagram[illumination],OK,A,is_a,point
59,8,full_text + noisy_diagram[illumination],OK,B,is_a,point
59,8,full_text + noisy_diagram[illumination],OK,C,is_a,point
59,8,full_text + noisy_diagram[illumination],OK,D,is_a,point
59,8,full_text + noisy_diagram[illumination],OK,AB,is_a,line
59,8,full_text + noisy_diagram[illumination],OK,CD,is_a,line
59,8,full_text + noisy_diagram[illumination],OK,AC,is_a,segment
59,8,full_text + noisy_diagram[illumination],OK,AD,is_a,segment
59,8,full_text + noisy_diagram[illumination],OK,AB,parallel_to,CD
59,8,full_text + noisy_diagram[illumination],OK,A,lies_on,AB
59,8,full_text + noisy_diagram[illumination],OK,B,lies_on,AB
59,8,full_text + noisy_diagram[illumination],OK,C,lies_on,CD
59,8,full_text + noisy_diagram[illumination],OK,D,lies_on,CD
59,8,full_text + noisy_diagram[illumination],OK,∠ACD,has_measure,80_deg
59,8,full_text + noisy_diagram[illumination],OK,AD,bisects,∠BAC
,,,,,,
60,8,full_text + noisy_diagram[illumination],OK,A,is_a,point
60,8,full_text + noisy_diagram[illumination],OK,A,lies_on,line
60,8,full_text + noisy_diagram[illumination],OK,AB,is_a,line
60,8,full_text + noisy_diagram[illumination],OK,B,is_a,point
60,8,full_text + noisy_diagram[illumination],OK,B,lies_on,line
60,8,full_text + noisy_diagram[illumination],OK,C,is_a,point
60,8,full_text + noisy_diagram[illumination],OK,C,lies_on,line
60,8,full_text + noisy_diagram[illumination],OK,CD,is_a,line
60,8,full_text + noisy_diagram[illumination],OK,D,is_a,point
60,8,full_text + noisy_diagram[illumination],OK,D,lies_on,line
60,8,full_text + noisy_diagram[illumination],OK,∠2,is_a,angle
60,8,full_text + noisy_diagram[illumination],OK,∠2,has_measure,135_deg
60,8,full_text + noisy_diagram[illumination],OK,AB,parallel_to,CD
,,,,,,
64,8,full_text + noisy_diagram[illumination],OK,A,is_a,point
64,8,full_text + noisy_diagram[illumination],OK,O,is_a,point
64,8,full_text + noisy_diagram[illumination],OK,B,is_a,point
64,8,full_text + noisy_diagram[illumination],OK,AB,is_a,segment
64,8,full_text + noisy_diagram[illumination],OK,AO,is_a,segment
64,8,full_text + noisy_diagram[illumination],OK,OB,is_a,segment
64,8,full_text + noisy_diagram[illumination],OK,∠AOB,is_a,angle
64,8,full_text + noisy_diagram[illumination],OK,O,center_of,circle
64,8,full_text + noisy_diagram[illumination],OK,AB,has_measure,160_units
64,8,full_text + noisy_diagram[illumination],OK,AO,has_measure,100_units
64,8,full_text + noisy_diagram[illumination],OK,OB,has_measure,100_units
64,8,full_text + noisy_diagram[illumination],OK,diameter_of,circle,200_units
,,,,,,
72,8,full_text + noisy_diagram[illumination],OK,A,is_a,point
72,8,full_text + noisy_diagram[illumination],OK,B,is_a,point
72,8,full_text + noisy_diagram[illumination],OK,C,is_a,point
72,8,full_text + noisy_diagram[illumination],OK,D,is_a,point
72,8,full_text + noisy_diagram[illumination],OK,E,is_a,point
72,8,full_text + noisy_diagram[illumination],OK,O,is_a,point
72,8,full_text + noisy_diagram[illumination],OK,AB,is_a,segment
72,8,full_text + noisy_diagram[illumination],OK,BC,is_a,segment
72,8,full_text + noisy_diagram[illumination],OK,CD,is_a,segment
72,8,full_text + noisy_diagram[illumination],OK,DA,is_a,segment
72,8,full_text + noisy_diagram[illumination],OK,AC,is_a,segment
72,8,full_text + noisy_diagram[illumination],OK,BD,is_a,segment
72,8,full_text + noisy_diagram[illumination],OK,ABCD,is_a,parallelogram
72,8,full_text + noisy_diagram[illumination],OK,AB + BC + CD + DA,has_measure,16_units
72,8,full_text + noisy_diagram[illumination],OK,AC,intersects,BD
72,8,full_text + noisy_diagram[illumination],OK,O,is_a,"intersection_of, AC, BD"
72,8,full_text + noisy_diagram[illumination],OK,OE,is_perpendicular_to,AC
72,8,full_text + noisy_diagram[illumination],OK,O,lies_on,AC
72,8,full_text + noisy_diagram[illumination],OK,O,lies_on,BD
72,8,full_text + noisy_diagram[illumination],OK,E,lies_on,AD
,,,,,,
73,8,full_text + noisy_diagram[illumination],OK,A,is_a,point
73,8,full_text + noisy_diagram[illumination],OK,O,is_a,point
73,8,full_text + noisy_diagram[illumination],OK,B,is_a,point
73,8,full_text + noisy_diagram[illumination],OK,C,is_a,point
73,8,full_text + noisy_diagram[illumination],OK,AO,is_a,segment
73,8,full_text + noisy_diagram[illumination],OK,BO,is_a,segment
73,8,full_text + noisy_diagram[illumination],OK,CO,is_a,segment
73,8,full_text + noisy_diagram[illumination],OK,AB,is_a,segment
73,8,full_text + noisy_diagram[illumination],OK,BC,is_a,segment
73,8,full_text + noisy_diagram[illumination],OK,CA,is_a,segment
73,8,full_text + noisy_diagram[illumination],OK,ABC,is_a,triangle
73,8,full_text + noisy_diagram[illumination],OK,O,center_of,circle
73,8,full_text + noisy_diagram[illumination],OK,∠ABC,has_measure,70_deg
,,,,,,
78,8,full_text + noisy_diagram[illumination],OK,A,is_a,point
78,8,full_text + noisy_diagram[illumination],OK,AB,is_a,line
78,8,full_text + noisy_diagram[illumination],OK,C,is_a,point
78,8,full_text + noisy_diagram[illumination],OK,CD,is_a,line
78,8,full_text + noisy_diagram[illumination],OK,D,is_a,point
78,8,full_text + noisy_diagram[illumination],OK,E,is_a,point
78,8,full_text + noisy_diagram[illumination],OK,AC,is_a,segment
78,8,full_text + noisy_diagram[illumination],OK,AE,is_a,segment
78,8,full_text + noisy_diagram[illumination],OK,CE,is_a,segment
78,8,full_text + noisy_diagram[illumination],OK,AB,parallel_to,CD
78,8,full_text + noisy_diagram[illumination],OK,AC,lies_on,A
78,8,full_text + noisy_diagram[illumination],OK,AC,lies_on,C
78,8,full_text + noisy_diagram[illumination],OK,AE,lies_on,A
78,8,full_text + noisy_diagram[illumination],OK,AE,lies_on,E
78,8,full_text + noisy_diagram[illumination],OK,ACE,is_a,triangle
78,8,full_text + noisy_diagram[illumination],OK,∠ACE,has_measure,70_deg
78,8,full_text + noisy_diagram[illumination],OK,AE,intersects,CD
78,8,full_text + noisy_diagram[illumination],OK,AE,intersects,E
78,8,full_text + noisy_diagram[illumination],OK,E,lies_on,CD
,,,,,,
79,8,full_text + noisy_diagram[illumination],OK,$A$,is_a,point
79,8,full_text + noisy_diagram[illumination],OK,$B$,is_a,point
79,8,full_text + noisy_diagram[illumination],OK,$C$,is_a,point
79,8,full_text + noisy_diagram[illumination],OK,$D$,is_a,point
79,8,full_text + noisy_diagram[illumination],OK,$E$,is_a,point
79,8,full_text + noisy_diagram[illumination],OK,$O$,is_a,point
79,8,full_text + noisy_diagram[illumination],OK,$AB$,is_a,segment
79,8,full_text + noisy_diagram[illumination],OK,$BC$,is_a,segment
79,8,full_text + noisy_diagram[illumination],OK,$CD$,is_a,segment
79,8,full_text + noisy_diagram[illumination],OK,$DA$,is_a,segment
79,8,full_text + noisy_diagram[illumination],OK,$AC$,is_a,segment
79,8,full_text + noisy_diagram[illumination],OK,$BD$,is_a,segment
79,8,full_text + noisy_diagram[illumination],OK,$ABCD$,is_a,parallelogram
79,8,full_text + noisy_diagram[illumination],OK,$AB + BC + CD + DA$,has_measure,32_units
79,8,full_text + noisy_diagram[illumination],OK,$O$,is_a,intersection of $AC$ and $BD$
79,8,full_text + noisy_diagram[illumination],OK,$E$,lies_on,$AD$
79,8,full_text + noisy_diagram[illumination],OK,$O$,lies_on,$BD$
79,8,full_text + noisy_diagram[illumination],OK,$O$,lies_on,$AC$
79,8,full_text + noisy_diagram[illumination],OK,$CE + ED$,has_measure,$AD$
79,8,full_text + noisy_diagram[illumination],OK,A,is_a,point
79,8,full_text + noisy_diagram[illumination],OK,B,is_a,point
79,8,full_text + noisy_diagram[illumination],OK,C,is_a,point
79,8,full_text + noisy_diagram[illumination],OK,D,is_a,point
79,8,full_text + noisy_diagram[illumination],OK,E,is_a,point
79,8,full_text + noisy_diagram[illumination],OK,O,is_a,point
79,8,full_text + noisy_diagram[illumination],OK,AB,is_a,segment
79,8,full_text + noisy_diagram[illumination],OK,BC,is_a,segment
79,8,full_text + noisy_diagram[illumination],OK,CD,is_a,segment
79,8,full_text + noisy_diagram[illumination],OK,DA,is_a,segment
79,8,full_text + noisy_diagram[illumination],OK,ABCD,is_a,parallelogram
79,8,full_text + noisy_diagram[illumination],OK,AB + BC + CD + DA,has_measure,32_units
79,8,full_text + noisy_diagram[illumination],OK,AC,intersects,BD
79,8,full_text + noisy_diagram[illumination],OK,O,is_a,intersection of AC and BD
79,8,full_text + noisy_diagram[illumination],OK,E,lies_on,AD
79,8,full_text + noisy_diagram[illumination],OK,CE + ED,has_measure,AD
,,,,,,
81,8,full_text + noisy_diagram[illumination],OK,A,is_a,point
81,8,full_text + noisy_diagram[illumination],OK,B,is_a,point
81,8,full_text + noisy_diagram[illumination],OK,C,is_a,point
81,8,full_text + noisy_diagram[illumination],OK,D,is_a,point
81,8,full_text + noisy_diagram[illumination],OK,E,is_a,point
81,8,full_text + noisy_diagram[illumination],OK,ABC,is_a,triangle
81,8,full_text + noisy_diagram[illumination],OK,∠BAC,has_measure,90_deg
81,8,full_text + noisy_diagram[illumination],OK,∠ABC,has_measure,50_deg
81,8,full_text + noisy_diagram[illumination],OK,AD,lies_on,BC
81,8,full_text + noisy_diagram[illumination],OK,AD,is_perpendicular_to,BC
81,8,full_text + noisy_diagram[illumination],OK,AE,intersects,BC
81,8,full_text + noisy_diagram[illumination],OK,AE,is_a,line_segment
81,8,full_text + noisy_diagram[illumination],OK,AE,bisects,∠DAC
81,8,full_text + noisy_diagram[illumination],OK,D,lies_on,BC
81,8,full_text + noisy_diagram[illumination],OK,E,lies_on,BC
,,,,,,
84,8,full_text + noisy_diagram[illumination],OK,A,is_a,point
84,8,full_text + noisy_diagram[illumination],OK,O,is_a,point
84,8,full_text + noisy_diagram[illumination],OK,B,is_a,point
84,8,full_text + noisy_diagram[illumination],OK,C,is_a,point
84,8,full_text + noisy_diagram[illumination],OK,AO,is_a,segment
84,8,full_text + noisy_diagram[illumination],OK,BO,is_a,segment
84,8,full_text + noisy_diagram[illumination],OK,CO,is_a,segment
84,8,full_text + noisy_diagram[illumination],OK,∠BAC,is_a,angle
84,8,full_text + noisy_diagram[illumination],OK,1,has_measure,AO
84,8,full_text + noisy_diagram[illumination],OK,1,has_measure,BO
84,8,full_text + noisy_diagram[illumination],OK,1,has_measure,CO
84,8,full_text + noisy_diagram[illumination],OK,60_deg,has_measure,∠BAC
84,8,full_text + noisy_diagram[illumination],OK,O,center_of,circle
84,8,full_text + noisy_diagram[illumination],OK,AO,radius_of,circle
84,8,full_text + noisy_diagram[illumination],OK,BO,radius_of,circle
84,8,full_text + noisy_diagram[illumination],OK,CO,radius_of,circle
84,8,full_text + noisy_diagram[illumination],OK,ABC,is_a,triangle
84,8,full_text + noisy_diagram[illumination],OK,ABC,lies_on,circle
84,8,full_text + noisy_diagram[illumination],OK,BC,is_a,segment
,,,,,,
86,8,full_text + noisy_diagram[illumination],OK,O,is_a,point
86,8,full_text + noisy_diagram[illumination],OK,A,is_a,point
86,8,full_text + noisy_diagram[illumination],OK,B,is_a,point
86,8,full_text + noisy_diagram[illumination],OK,C,is_a,point
86,8,full_text + noisy_diagram[illumination],OK,AB,is_a,segment
86,8,full_text + noisy_diagram[illumination],OK,BC,is_a,segment
86,8,full_text + noisy_diagram[illumination],OK,CA,is_a,segment
86,8,full_text + noisy_diagram[illumination],OK,∠BAC,is_a,angle
86,8,full_text + noisy_diagram[illumination],OK,∠BAC,has_measure,60_deg
86,8,full_text + noisy_diagram[illumination],OK,O,center_of,circle
86,8,full_text + noisy_diagram[illumination],OK,circle,is_a,circle
86,8,full_text + noisy_diagram[illumination],OK,A,lies_on,circle
86,8,full_text + noisy_diagram[illumination],OK,B,lies_on,circle
86,8,full_text + noisy_diagram[illumination],OK,C,lies_on,circle
86,8,full_text + noisy_diagram[illumination],OK,OB,is_a,segment
86,8,full_text + noisy_diagram[illumination],OK,OC,is_a,segment
86,8,full_text + noisy_diagram[illumination],OK,OB,has_measure,2_units
86,8,full_text + noisy_diagram[illumination],OK,OC,has_measure,2_units
86,8,full_text + noisy_diagram[illumination],OK,triangle ABC,is_a,triangle
86,8,full_text + noisy_diagram[illumination],OK,BC,has_measure,?
,,,,,,
88,8,full_text + noisy_diagram[illumination],OK,A,is_a,point
88,8,full_text + noisy_diagram[illumination],OK,O,is_a,point
88,8,full_text + noisy_diagram[illumination],OK,B,is_a,point
88,8,full_text + noisy_diagram[illumination],OK,C,is_a,point
88,8,full_text + noisy_diagram[illumination],OK,A,lies_on,circle O
88,8,full_text + noisy_diagram[illumination],OK,B,lies_on,circle O
88,8,full_text + noisy_diagram[illumination],OK,C,lies_on,circle O
88,8,full_text + noisy_diagram[illumination],OK,AB,is_a,segment
88,8,full_text + noisy_diagram[illumination],OK,AC,is_a,segment
88,8,full_text + noisy_diagram[illumination],OK,BC,is_a,segment
88,8,full_text + noisy_diagram[illumination],OK,AO,is_a,segment
88,8,full_text + noisy_diagram[illumination],OK,BO,is_a,segment
88,8,full_text + noisy_diagram[illumination],OK,CO,is_a,segment
88,8,full_text + noisy_diagram[illumination],OK,∠ABO,has_measure,22_deg
88,8,full_text + noisy_diagram[illumination],OK,∠ACO,has_measure,42_deg
,,,,,,
95,8,full_text + noisy_diagram[illumination],OK,A,is_a,point
95,8,full_text + noisy_diagram[illumination],OK,O,is_a,point
95,8,full_text + noisy_diagram[illumination],OK,B,is_a,point
95,8,full_text + noisy_diagram[illumination],OK,C,is_a,point
95,8,full_text + noisy_diagram[illumination],OK,D,is_a,point
95,8,full_text + noisy_diagram[illumination],OK,OA,is_a,segment
95,8,full_text + noisy_diagram[illumination],OK,OC,is_a,segment
95,8,full_text + noisy_diagram[illumination],OK,AB,is_a,segment
95,8,full_text + noisy_diagram[illumination],OK,OD,is_a,segment
95,8,full_text + noisy_diagram[illumination],OK,AD,is_a,segment
95,8,full_text + noisy_diagram[illumination],OK,BC,is_a,segment
95,8,full_text + noisy_diagram[illumination],OK,∠OAD,is_a,angle
95,8,full_text + noisy_diagram[illumination],OK,∠ADC,has_measure,90_deg
95,8,full_text + noisy_diagram[illumination],OK,∠OAB,has_measure,60_deg
95,8,full_text + noisy_diagram[illumination],OK,O,center_of,circle
95,8,full_text + noisy_diagram[illumination],OK,∠AOC,is_a,angle
,,,,,,
99,8,full_text + noisy_diagram[illumination],OK,A,is_a,point
99,8,full_text + noisy_diagram[illumination],OK,O,is_a,point
99,8,full_text + noisy_diagram[illumination],OK,B,is_a,point
99,8,full_text + noisy_diagram[illumination],OK,C,is_a,point
99,8,full_text + noisy_diagram[illumination],OK,D,is_a,point
99,8,full_text + noisy_diagram[illumination],OK,AB,is_a,segment
99,8,full_text + noisy_diagram[illumination],OK,CD,is_a,segment
99,8,full_text + noisy_diagram[illumination],OK,∠ADC,is_a,angle
99,8,full_text + noisy_diagram[illumination],OK,∠CAB,is_a,angle
99,8,full_text + noisy_diagram[illumination],OK,O,center_of,circle
99,8,full_text + noisy_diagram[illumination],OK,AB,diameter_of,circle
99,8,full_text + noisy_diagram[illumination],OK,CD,lies_on,circle
99,8,full_text + noisy_diagram[illumination],OK,A,lies_on,circle
99,8,full_text + noisy_diagram[illumination],OK,B,lies_on,circle
99,8,full_text + noisy_diagram[illumination],OK,C,lies_on,circle
99,8,full_text + noisy_diagram[illumination],OK,D,lies_on,circle
99,8,full_text + noisy_diagram[illumination],OK,∠ADC,has_measure,26_deg
99,8,full_text + noisy_diagram[illumination],OK,∠ADO,has_measure,26_deg
99,8,full_text + noisy_diagram[illumination],OK,OD,radius_of,circle
99,8,full_text + noisy_diagram[illumination],OK,OC,radius_of,circle
,,,,,,
108,8,full_text + noisy_diagram[illumination],OK,O,is_a,point
108,8,full_text + noisy_diagram[illumination],OK,OC,is_a,segment
108,8,full_text + noisy_diagram[illumination],OK,OD,is_a,segment
108,8,full_text + noisy_diagram[illumination],OK,CD,is_a,segment
108,8,full_text + noisy_diagram[illumination],OK,AB,is_a,segment
108,8,full_text + noisy_diagram[illumination],OK,OC,has_measure,5_units
108,8,full_text + noisy_diagram[illumination],OK,CD,has_measure,8_units
108,8,full_text + noisy_diagram[illumination],OK,AB,lies_on,water surface
108,8,full_text + noisy_diagram[illumination],OK,query_target,is_a,length of AB
108,8,full_text + noisy_diagram[illumination],OK,O,center_of,circle
108,8,full_text + noisy_diagram[illumination],OK,OC,radius_of,circle
,,,,,,
109,8,full_text + noisy_diagram[illumination],OK,A,is_a,point
109,8,full_text + noisy_diagram[illumination],OK,B,is_a,point
109,8,full_text + noisy_diagram[illumination],OK,C,is_a,point
109,8,full_text + noisy_diagram[illumination],OK,D,is_a,point
109,8,full_text + noisy_diagram[illumination],OK,E,is_a,point
109,8,full_text + noisy_diagram[illumination],OK,AB,is_a,segment
109,8,full_text + noisy_diagram[illumination],OK,AC,is_a,segment
109,8,full_text + noisy_diagram[illumination],OK,DE,is_a,segment
109,8,full_text + noisy_diagram[illumination],OK,ABC,is_a,triangle
109,8,full_text + noisy_diagram[illumination],OK,BAC,has_measure,90_deg
109,8,full_text + noisy_diagram[illumination],OK,D,lies_on,AB
109,8,full_text + noisy_diagram[illumination],OK,E,lies_on,AC
109,8,full_text + noisy_diagram[illumination],OK,α,has_measure,130_deg
109,8,full_text + noisy_diagram[illumination],OK,DE,parallel_to,horizontal
109,8,full_text + noisy_diagram[illumination],OK,β,is_a,angle
109,8,full_text + noisy_diagram[illumination],OK,β,lies_on,?
109,8,full_text + noisy_diagram[illumination],OK,β,connected_to,line DE
109,8,full_text + noisy_diagram[illumination],OK,β,connected_to,line EC
109,8,full_text + noisy_diagram[illumination],OK,β,has_measure,?
,,,,,,
112,8,full_text + noisy_diagram[illumination],OK,A,is_a,point
112,8,full_text + noisy_diagram[illumination],OK,O,is_a,point
112,8,full_text + noisy_diagram[illumination],OK,B,is_a,point
112,8,full_text + noisy_diagram[illumination],OK,AO,is_a,segment
112,8,full_text + noisy_diagram[illumination],OK,OB,is_a,segment
112,8,full_text + noisy_diagram[illumination],OK,AB,is_a,segment
112,8,full_text + noisy_diagram[illumination],OK,AO,has_measure,?
112,8,full_text + noisy_diagram[illumination],OK,OB,has_measure,0.7
112,8,full_text + noisy_diagram[illumination],OK,AB,has_measure,2.5
112,8,full_text + noisy_diagram[illumination],OK,AO,lies_on,cone
112,8,full_text + noisy_diagram[illumination],OK,OB,lies_on,cone
112,8,full_text + noisy_diagram[illumination],OK,AB,lies_on,cone
112,8,full_text + noisy_diagram[illumination],OK,OB,is_a,"radius_of, cone"
112,8,full_text + noisy_diagram[illumination],OK,AO,is_a,"height_of, cone"
112,8,full_text + noisy_diagram[illumination],OK,AB,is_a,"slant_height_of, cone"
,,,,,,
114,8,full_text + noisy_diagram[illumination],OK,O,is_a,point
114,8,full_text + noisy_diagram[illumination],OK,B,is_a,point
114,8,full_text + noisy_diagram[illumination],OK,A,is_a,point
114,8,full_text + noisy_diagram[illumination],OK,OAB,is_a,sector
114,8,full_text + noisy_diagram[illumination],OK,OA,is_a,diameter
114,8,full_text + noisy_diagram[illumination],OK,OB,is_a,diameter
114,8,full_text + noisy_diagram[illumination],OK,∠AOB,is_a,angle
114,8,full_text + noisy_diagram[illumination],OK,∠AOB,has_measure,90.0_deg
114,8,full_text + noisy_diagram[illumination],OK,OA,has_measure,1.0_units
114,8,full_text + noisy_diagram[illumination],OK,OB,has_measure,1.0_units
114,8,full_text + noisy_diagram[illumination],OK,query target,is_a,area_of_shaded_part
,,,,,,
115,8,full_text + noisy_diagram[illumination],OK,sector,is_a,paper sheet
115,8,full_text + noisy_diagram[illumination],OK,central angle,has_measure,120_deg
115,8,full_text + noisy_diagram[illumination],OK,radius,has_measure,6_units
115,8,full_text + noisy_diagram[illumination],OK,sector,has_measure,120_deg
115,8,full_text + noisy_diagram[illumination],OK,radius,is_a,6_units
115,8,full_text + noisy_diagram[illumination],OK,cap,is_a,conical bottomless paper cap
115,8,full_text + noisy_diagram[illumination],OK,problem,query_target,bottom perimeter
,,,,,,
117,8,full_text + noisy_diagram[illumination],OK,3,has_measure,radius
117,8,full_text + noisy_diagram[illumination],OK,3.0,has_measure,radius
117,8,full_text + noisy_diagram[illumination],OK,120°,has_measure,central_angle
117,8,full_text + noisy_diagram[illumination],OK,cone,is_a,cone-shaped_bottomless_paper_cap
117,8,full_text + noisy_diagram[illumination],OK,Height,is_a,query_target
117,8,full_text + noisy_diagram[illumination],OK,?,has_measure,height
117,8,full_text + noisy_diagram[illumination],OK,?,has_measure,cone_height
117,8,full_text + noisy_diagram[illumination],OK,120°,is_a,angle)
,,,,,,
119,8,full_text + noisy_diagram[illumination],OK,sector_cardboard,has_measure,24_cm
119,8,full_text + noisy_diagram[illumination],OK,conical_hat_bottom,has_measure,10_cm
119,8,full_text + noisy_diagram[illumination],OK,sector_cardboard,is_a,sector
119,8,full_text + noisy_diagram[illumination],OK,conical_hat,is_a,cone
119,8,full_text + noisy_diagram[illumination],OK,query,is_a,area_of_sector_cardboard
119,8,full_text + noisy_diagram[illumination],OK,sector_cardboard,used_to_make,conical_hat
119,8,full_text + noisy_diagram[illumination],OK,conical_hat_bottom,is_a,circle
,,,,,,
120,8,full_text + noisy_diagram[illumination],OK,generatrix,has_measure,5.0
120,8,full_text + noisy_diagram[illumination],OK,height line,has_measure,4.0
120,8,full_text + noisy_diagram[illumination],OK,base,is_a,area
120,8,full_text + noisy_diagram[illumination],OK,query,is_a,bottom area of the cone
120,8,full_text + noisy_diagram[illumination],OK,cone,has_part,base
120,8,full_text + noisy_diagram[illumination],OK,cone,has_part,generatrix
120,8,full_text + noisy_diagram[illumination],OK,cone,has_measure,?)
,,,,,,
123,8,full_text + noisy_diagram[illumination],OK,A,is_a,point
123,8,full_text + noisy_diagram[illumination],OK,B,is_a,point
123,8,full_text + noisy_diagram[illumination],OK,C,is_a,point
123,8,full_text + noisy_diagram[illumination],OK,AB,is_a,segment
123,8,full_text + noisy_diagram[illumination],OK,AC,is_a,segment
123,8,full_text + noisy_diagram[illumination],OK,BC,is_a,segment
123,8,full_text + noisy_diagram[illumination],OK,∠ACB,is_a,angle
123,8,full_text + noisy_diagram[illumination],OK,∠ACB,has_measure,90_deg
123,8,full_text + noisy_diagram[illumination],OK,AC,has_measure,4_units
123,8,full_text + noisy_diagram[illumination],OK,BC,has_measure,3_units
123,8,full_text + noisy_diagram[illumination],OK,AC,lies_on,line
123,8,full_text + noisy_diagram[illumination],OK,Query,is_a,Lateral Surface Area of Cone
123,8,full_text + noisy_diagram[illumination],OK,?,is_a,Lateral Surface Area of Cone
,,,,,,
128,8,full_text + noisy_diagram[illumination],OK,A,is_a,point
128,8,full_text + noisy_diagram[illumination],OK,O,is_a,point
128,8,full_text + noisy_diagram[illumination],OK,B,is_a,point
128,8,full_text + noisy_diagram[illumination],OK,OB,is_a,segment
128,8,full_text + noisy_diagram[illumination],OK,OA,is_a,segment
128,8,full_text + noisy_diagram[illumination],OK,AB,is_a,segment
128,8,full_text + noisy_diagram[illumination],OK,∠AOB,is_a,angle
128,8,full_text + noisy_diagram[illumination],OK,∠AOB,has_measure,120_deg
128,8,full_text + noisy_diagram[illumination],OK,OB,has_measure,6_units
,,,,,,
132,8,full_text + noisy_diagram[illumination],OK,A,is_a,point
132,8,full_text + noisy_diagram[illumination],OK,B,is_a,point
132,8,full_text + noisy_diagram[illumination],OK,C,is_a,point
132,8,full_text + noisy_diagram[illumination],OK,D,is_a,point
132,8,full_text + noisy_diagram[illumination],OK,E,is_a,point
132,8,full_text + noisy_diagram[illumination],OK,F,is_a,point
132,8,full_text + noisy_diagram[illumination],OK,G,is_a,point
132,8,full_text + noisy_diagram[illumination],OK,AB,is_a,segment
132,8,full_text + noisy_diagram[illumination],OK,BC,is_a,segment
132,8,full_text + noisy_diagram[illumination],OK,CG,is_a,segment
132,8,full_text + noisy_diagram[illumination],OK,GE,is_a,segment
132,8,full_text + noisy_diagram[illumination],OK,EF,is_a,segment
132,8,full_text + noisy_diagram[illumination],OK,∠AGE,is_a,angle
132,8,full_text + noisy_diagram[illumination],OK,A,B,"C, are_collinear_with"
132,8,full_text + noisy_diagram[illumination],OK,DE,has_measure,0.6_units
132,8,full_text + noisy_diagram[illumination],OK,BC,has_measure,0.6_units
132,8,full_text + noisy_diagram[illumination],OK,CG,has_measure,12_units
132,8,full_text + noisy_diagram[illumination],OK,GE,has_measure,2_units
132,8,full_text + noisy_diagram[illumination],OK,EF,has_measure,1.6_units
132,8,full_text + noisy_diagram[illumination],OK,Query_target,is_a,Height_of_AB
132,8,full_text + noisy_diagram[illumination],OK,AB,has_measure,?
132,8,full_text + noisy_diagram[illumination],OK,DF,has_measure,?
,,,,,,
133,8,full_text + noisy_diagram[illumination],OK,P,is_a,point
133,8,full_text + noisy_diagram[illumination],OK,Q,is_a,point
133,8,full_text + noisy_diagram[illumination],OK,R,is_a,point
133,8,full_text + noisy_diagram[illumination],OK,S,is_a,point
133,8,full_text + noisy_diagram[illumination],OK,T,is_a,point
133,8,full_text + noisy_diagram[illumination],OK,PQ,is_a,segment
133,8,full_text + noisy_diagram[illumination],OK,QS,is_a,segment
133,8,full_text + noisy_diagram[illumination],OK,ST,is_a,segment
133,8,full_text + noisy_diagram[illumination],OK,QR,is_a,segment
133,8,full_text + noisy_diagram[illumination],OK,PS,is_a,segment
133,8,full_text + noisy_diagram[illumination],OK,PQ,has_measure,?
133,8,full_text + noisy_diagram[illumination],OK,QS,has_measure,60.0_m
133,8,full_text + noisy_diagram[illumination],OK,ST,has_measure,120.0_m
133,8,full_text + noisy_diagram[illumination],OK,QR,has_measure,80.0_m
133,8,full_text + noisy_diagram[illumination],OK,PQ,perpendicular_to,QS
133,8,full_text + noisy_diagram[illumination],OK,PS,perpendicular_to,line_a
133,8,full_text + noisy_diagram[illumination],OK,QR,perpendicular_to,PS
,,,,,,
149,8,full_text + noisy_diagram[illumination],OK,A,is_a,point
149,8,full_text + noisy_diagram[illumination],OK,B,is_a,point
149,8,full_text + noisy_diagram[illumination],OK,C,is_a,point
149,8,full_text + noisy_diagram[illumination],OK,D,is_a,point
149,8,full_text + noisy_diagram[illumination],OK,E,is_a,point
149,8,full_text + noisy_diagram[illumination],OK,AC,is_a,segment
149,8,full_text + noisy_diagram[illumination],OK,BD,is_a,segment
149,8,full_text + noisy_diagram[illumination],OK,CD,is_a,segment
149,8,full_text + noisy_diagram[illumination],OK,ED,is_a,segment
149,8,full_text + noisy_diagram[illumination],OK,AC,has_measure,3_units
149,8,full_text + noisy_diagram[illumination],OK,BD,has_measure,6_units
149,8,full_text + noisy_diagram[illumination],OK,CD,has_measure,10_units
149,8,full_text + noisy_diagram[illumination],OK,AC,perpendicular_to,CD
149,8,full_text + noisy_diagram[illumination],OK,BD,perpendicular_to,CD
149,8,full_text + noisy_diagram[illumination],OK,CD,is_a,plane_mirror
149,8,full_text + noisy_diagram[illumination],OK,α,is_a,angle
149,8,full_text + noisy_diagram[illumination],OK,∠ACE,is_a,angle
149,8,full_text + noisy_diagram[illumination],OK,ED,has_measure,?
,,,,,,
150,8,full_text + noisy_diagram[illumination],OK,A,is_a,point
150,8,full_text + noisy_diagram[illumination],OK,B,is_a,point
150,8,full_text + noisy_diagram[illumination],OK,C,is_a,point
150,8,full_text + noisy_diagram[illumination],OK,E,is_a,point
150,8,full_text + noisy_diagram[illumination],OK,D,is_a,point
150,8,full_text + noisy_diagram[illumination],OK,AB,is_a,segment
150,8,full_text + noisy_diagram[illumination],OK,BC,is_a,segment
150,8,full_text + noisy_diagram[illumination],OK,CE,is_a,segment
150,8,full_text + noisy_diagram[illumination],OK,BD,is_a,segment
150,8,full_text + noisy_diagram[illumination],OK,DE,is_a,segment
150,8,full_text + noisy_diagram[illumination],OK,AC,is_a,segment
150,8,full_text + noisy_diagram[illumination],OK,A,B,"C, collinear_with, line"
150,8,full_text + noisy_diagram[illumination],OK,BD,perpendicular_to,AC
150,8,full_text + noisy_diagram[illumination],OK,CE,perpendicular_to,AC
150,8,full_text + noisy_diagram[illumination],OK,BD,has_measure,7/3
150,8,full_text + noisy_diagram[illumination],OK,CE,has_measure,9
150,8,full_text + noisy_diagram[illumination],OK,AB,has_measure,2
150,8,full_text + noisy_diagram[illumination],OK,query_target,is_a,BC
,,,,,,
151,8,full_text + noisy_diagram[illumination],OK,Student,is_a,person
151,8,full_text + noisy_diagram[illumination],OK,Tree,is_a,tree
151,8,full_text + noisy_diagram[illumination],OK,Student,has_measure,1.7_units
151,8,full_text + noisy_diagram[illumination],OK,Distance from student to reflection,has_measure,5_units
151,8,full_text + noisy_diagram[illumination],OK,Distance from student to tree,has_measure,20_units
151,8,full_text + noisy_diagram[illumination],OK,Student,lies_on,ground
151,8,full_text + noisy_diagram[illumination],OK,Tree,lies_on,ground
151,8,full_text + noisy_diagram[illumination],OK,Reflection,lies_on,water
151,8,full_text + noisy_diagram[illumination],OK,Student,connects,reflection
151,8,full_text + noisy_diagram[illumination],OK,Tree,connects,reflection
151,8,full_text + noisy_diagram[illumination],OK,Tree,has_measure,?_units
151,8,full_text + noisy_diagram[illumination],OK,Water,is_a,lake
151,8,full_text + noisy_diagram[illumination],OK,Reflection,is_a,reflected_image
151,8,full_text + noisy_diagram[illumination],OK,Student,is_a,observer
151,8,full_text + noisy_diagram[illumination],OK,Tree,is_a,object
,,,,,,
152,8,full_text + noisy_diagram[illumination],OK,A,is_a,point
152,8,full_text + noisy_diagram[illumination],OK,B,is_a,point
152,8,full_text + noisy_diagram[illumination],OK,C,is_a,point
152,8,full_text + noisy_diagram[illumination],OK,D,is_a,point
152,8,full_text + noisy_diagram[illumination],OK,E,is_a,point
152,8,full_text + noisy_diagram[illumination],OK,AB,is_a,segment
152,8,full_text + noisy_diagram[illumination],OK,BC,is_a,segment
152,8,full_text + noisy_diagram[illumination],OK,CD,is_a,segment
152,8,full_text + noisy_diagram[illumination],OK,BD,is_a,segment
152,8,full_text + noisy_diagram[illumination],OK,CE,is_a,segment
152,8,full_text + noisy_diagram[illumination],OK,∠BCE,is_a,angle
152,8,full_text + noisy_diagram[illumination],OK,BC,has_measure,1.6_units
152,8,full_text + noisy_diagram[illumination],OK,BD,has_measure,0.5_units
152,8,full_text + noisy_diagram[illumination],OK,CD,has_measure,1.4_units
152,8,full_text + noisy_diagram[illumination],OK,AB,lies_on,points A and B
152,8,full_text + noisy_diagram[illumination],OK,BC,lies_on,points B and C
152,8,full_text + noisy_diagram[illumination],OK,BD,lies_on,points B and D
152,8,full_text + noisy_diagram[illumination],OK,CE,lies_on,points C and E
152,8,full_text + noisy_diagram[illumination],OK,?,is_a,?
152,8,full_text + noisy_diagram[illumination],OK,D,lies_on,AB
152,8,full_text + noisy_diagram[illumination],OK,CE,perpendicular_to,BC
,,,,,,
153,8,full_text + noisy_diagram[illumination],OK,A,is_a,point
153,8,full_text + noisy_diagram[illumination],OK,B,is_a,point
153,8,full_text + noisy_diagram[illumination],OK,C,is_a,point
153,8,full_text + noisy_diagram[illumination],OK,D,is_a,point
153,8,full_text + noisy_diagram[illumination],OK,E,is_a,point
153,8,full_text + noisy_diagram[illumination],OK,AB,is_a,segment
153,8,full_text + noisy_diagram[illumination],OK,BC,is_a,segment
153,8,full_text + noisy_diagram[illumination],OK,EC,is_a,segment
153,8,full_text + noisy_diagram[illumination],OK,DE,is_a,segment
153,8,full_text + noisy_diagram[illumination],OK,∠ABC,is_a,angle
153,8,full_text + noisy_diagram[illumination],OK,∠BEC,is_a,angle
153,8,full_text + noisy_diagram[illumination],OK,BC,has_measure,1.0_units
153,8,full_text + noisy_diagram[illumination],OK,EC,has_measure,1.2_units
153,8,full_text + noisy_diagram[illumination],OK,DE,has_measure,1.8_units
153,8,full_text + noisy_diagram[illumination],OK,Query_target,is_a,AB
,,,,,,
157,8,full_text + noisy_diagram[illumination],OK,A,is_a,point
157,8,full_text + noisy_diagram[illumination],OK,B,is_a,point
157,8,full_text + noisy_diagram[illumination],OK,C,is_a,point
157,8,full_text + noisy_diagram[illumination],OK,AC,is_a,segment
157,8,full_text + noisy_diagram[illumination],OK,BC,is_a,segment
157,8,full_text + noisy_diagram[illumination],OK,∠ACB,is_a,angle
157,8,full_text + noisy_diagram[illumination],OK,AC,has_measure,4_units
157,8,full_text + noisy_diagram[illumination],OK,BC,has_measure,3_units
157,8,full_text + noisy_diagram[illumination],OK,∠ACB,has_measure,90_deg
157,8,full_text + noisy_diagram[illumination],OK,?,lies_on,AC
157,8,full_text + noisy_diagram[illumination],OK,?,lies_on,BC
157,8,full_text + noisy_diagram[illumination],OK,?,lies_on,AB
157,8,full_text + noisy_diagram[illumination],OK,AC,connects,A
157,8,full_text + noisy_diagram[illumination],OK,AC,connects,C
157,8,full_text + noisy_diagram[illumination],OK,BC,connects,B
157,8,full_text + noisy_diagram[illumination],OK,BC,connects,C
157,8,full_text + noisy_diagram[illumination],OK,∠ACB,connects,A
157,8,full_text + noisy_diagram[illumination],OK,∠ACB,connects,B
157,8,full_text + noisy_diagram[illumination],OK,∠ACB,connects,C
157,8,full_text + noisy_diagram[illumination],OK,AB,is_a,segment
157,8,full_text + noisy_diagram[illumination],OK,cos B,is_a,?
157,8,full_text + noisy_diagram[illumination],OK,cos B,has_measure,?
,,,,,,
165,8,full_text + noisy_diagram[illumination],OK,A,is_a,point
165,8,full_text + noisy_diagram[illumination],OK,B,is_a,point
165,8,full_text + noisy_diagram[illumination],OK,C,is_a,point
165,8,full_text + noisy_diagram[illumination],OK,AB,is_a,segment
165,8,full_text + noisy_diagram[illumination],OK,BC,is_a,segment
165,8,full_text + noisy_diagram[illumination],OK,AC,is_a,segment
165,8,full_text + noisy_diagram[illumination],OK,∠C,is_a,angle
165,8,full_text + noisy_diagram[illumination],OK,∠C,has_measure,90_deg
165,8,full_text + noisy_diagram[illumination],OK,AB,has_measure,2_units
165,8,full_text + noisy_diagram[illumination],OK,BC,has_measure,1_unit
,,,,,,
198,8,full_text + noisy_diagram[illumination],OK,A,is_a,point
198,8,full_text + noisy_diagram[illumination],OK,A,lies_on,triangle
198,8,full_text + noisy_diagram[illumination],OK,B,is_a,point
198,8,full_text + noisy_diagram[illumination],OK,B,lies_on,triangle
198,8,full_text + noisy_diagram[illumination],OK,C,is_a,point
198,8,full_text + noisy_diagram[illumination],OK,C,lies_on,triangle
198,8,full_text + noisy_diagram[illumination],OK,AB,is_a,segment
198,8,full_text + noisy_diagram[illumination],OK,BC,is_a,segment
198,8,full_text + noisy_diagram[illumination],OK,AC,is_a,segment
198,8,full_text + noisy_diagram[illumination],OK,AB,has_measure,13_units
198,8,full_text + noisy_diagram[illumination],OK,BC,has_measure,13_units
198,8,full_text + noisy_diagram[illumination],OK,AC,has_measure,10_units
198,8,full_text + noisy_diagram[illumination],OK,triangle,is_a,isosceles_triangle
,,,,,,
207,8,full_text + noisy_diagram[illumination],OK,O,is_a,point
207,8,full_text + noisy_diagram[illumination],OK,20,has_measure,diameter
207,8,full_text + noisy_diagram[illumination],OK,larger circle,is_a,circle
207,8,full_text + noisy_diagram[illumination],OK,two small circles,is_a,circles
207,8,full_text + noisy_diagram[illumination],OK,two small circles,lies_on,larger circle
207,8,full_text + noisy_diagram[illumination],OK,shaded region,is_a,region
207,8,full_text + noisy_diagram[illumination],OK,shaded region,lies_on,larger circle
,,,,,,
210,8,full_text + noisy_diagram[illumination],OK,A,is_a,point
210,8,full_text + noisy_diagram[illumination],OK,B,is_a,point
210,8,full_text + noisy_diagram[illumination],OK,C,is_a,point
210,8,full_text + noisy_diagram[illumination],OK,D,is_a,point
210,8,full_text + noisy_diagram[illumination],OK,E,is_a,point
210,8,full_text + noisy_diagram[illumination],OK,AB,is_a,segment
210,8,full_text + noisy_diagram[illumination],OK,AC,is_a,segment
210,8,full_text + noisy_diagram[illumination],OK,AE,is_a,segment
210,8,full_text + noisy_diagram[illumination],OK,AD,is_a,segment
210,8,full_text + noisy_diagram[illumination],OK,BE,is_a,segment
210,8,full_text + noisy_diagram[illumination],OK,CD,is_a,segment
210,8,full_text + noisy_diagram[illumination],OK,ABE,is_a,triangle
210,8,full_text + noisy_diagram[illumination],OK,ACD,is_a,triangle
210,8,full_text + noisy_diagram[illumination],OK,BE,parallel_to,CD
210,8,full_text + noisy_diagram[illumination],OK,AB,has_measure,12_units
210,8,full_text + noisy_diagram[illumination],OK,AC,has_measure,16_units
210,8,full_text + noisy_diagram[illumination],OK,ED,has_measure,5_units
,,,,,,
211,8,full_text + noisy_diagram[illumination],OK,M,is_a,point
211,8,full_text + noisy_diagram[illumination],OK,MN,is_a,segment
211,8,full_text + noisy_diagram[illumination],OK,MP,is_a,segment
211,8,full_text + noisy_diagram[illumination],OK,RN,is_a,segment
211,8,full_text + noisy_diagram[illumination],OK,MNPR,is_a,parallelogram
211,8,full_text + noisy_diagram[illumination],OK,MN,has_measure,3x - 4
211,8,full_text + noisy_diagram[illumination],OK,NP,has_measure,2y + 5
211,8,full_text + noisy_diagram[illumination],OK,RP,has_measure,20
211,8,full_text + noisy_diagram[illumination],OK,MR,has_measure,17.9
211,8,full_text + noisy_diagram[illumination],OK,∠RNP,has_measure,33°
211,8,full_text + noisy_diagram[illumination],OK,∠MRP,has_measure,38°
211,8,full_text + noisy_diagram[illumination],OK,MQ,has_measure,4w - 3
211,8,full_text + noisy_diagram[illumination],OK,QP,has_measure,11.1
211,8,full_text + noisy_diagram[illumination],OK,RQ,has_measure,3z - 3
211,8,full_text + noisy_diagram[illumination],OK,MQ,intersects,QP
211,8,full_text + noisy_diagram[illumination],OK,M,lies_on,MN
211,8,full_text + noisy_diagram[illumination],OK,M,lies_on,MP
211,8,full_text + noisy_diagram[illumination],OK,N,lies_on,MN
211,8,full_text + noisy_diagram[illumination],OK,N,lies_on,NP
211,8,full_text + noisy_diagram[illumination],OK,R,lies_on,RP
211,8,full_text + noisy_diagram[illumination],OK,R,lies_on,MR
211,8,full_text + noisy_diagram[illumination],OK,P,lies_on,RP
211,8,full_text + noisy_diagram[illumination],OK,P,lies_on,MP
211,8,full_text + noisy_diagram[illumination],OK,Q,lies_on,MP
211,8,full_text + noisy_diagram[illumination],OK,Q,lies_on,RN
,,,,,,
223,8,full_text + noisy_diagram[illumination],OK,A,is_a,point
223,8,full_text + noisy_diagram[illumination],OK,B,is_a,point
223,8,full_text + noisy_diagram[illumination],OK,C,is_a,point
223,8,full_text + noisy_diagram[illumination],OK,AB,is_a,segment
223,8,full_text + noisy_diagram[illumination],OK,BC,is_a,segment
223,8,full_text + noisy_diagram[illumination],OK,AC,is_a,segment
223,8,full_text + noisy_diagram[illumination],OK,∠ABC,is_a,angle
223,8,full_text + noisy_diagram[illumination],OK,AC,has_measure,3√2
223,8,full_text + noisy_diagram[illumination],OK,AC,lies_on,point A
223,8,full_text + noisy_diagram[illumination],OK,AC,lies_on,point C
223,8,full_text + noisy_diagram[illumination],OK,AB,lies_on,point A
223,8,full_text + noisy_diagram[illumination],OK,AB,lies_on,point B
223,8,full_text + noisy_diagram[illumination],OK,BC,lies_on,point B
223,8,full_text + noisy_diagram[illumination],OK,BC,lies_on,point C
223,8,full_text + noisy_diagram[illumination],OK,AC,parallel_to,none
223,8,full_text + noisy_diagram[illumination],OK,∠ABC,has_measure,90_deg
223,8,full_text + noisy_diagram[illumination],OK,BC,has_measure,5
223,8,full_text + noisy_diagram[illumination],OK,query,is_a,x
223,8,full_text + noisy_diagram[illumination],OK,AB,has_measure,x
,,,,,,
239,8,full_text + noisy_diagram[illumination],OK,A,is_a,point
239,8,full_text + noisy_diagram[illumination],OK,B,is_a,point
239,8,full_text + noisy_diagram[illumination],OK,C,is_a,point
239,8,full_text + noisy_diagram[illumination],OK,R,is_a,point
239,8,full_text + noisy_diagram[illumination],OK,S,is_a,point
239,8,full_text + noisy_diagram[illumination],OK,T,is_a,point
239,8,full_text + noisy_diagram[illumination],OK,M,is_a,point
239,8,full_text + noisy_diagram[illumination],OK,AT,is_a,segment
239,8,full_text + noisy_diagram[illumination],OK,BR,is_a,segment
239,8,full_text + noisy_diagram[illumination],OK,CS,is_a,segment
239,8,full_text + noisy_diagram[illumination],OK,RM,has_measure,4_units
239,8,full_text + noisy_diagram[illumination],OK,MC,has_measure,7_units
239,8,full_text + noisy_diagram[illumination],OK,AT,has_measure,16_units
239,8,full_text + noisy_diagram[illumination],OK,R,lies_on,AC
239,8,full_text + noisy_diagram[illumination],OK,S,lies_on,AB
239,8,full_text + noisy_diagram[illumination],OK,T,lies_on,CB
239,8,full_text + noisy_diagram[illumination],OK,M,lies_on,AT
239,8,full_text + noisy_diagram[illumination],OK,M,lies_on,BR
239,8,full_text + noisy_diagram[illumination],OK,M,lies_on,CS
,,,,,,
243,8,full_text + noisy_diagram[illumination],OK,Des Moines,is_a,city
243,8,full_text + noisy_diagram[illumination],OK,Phoenix,is_a,city
243,8,full_text + noisy_diagram[illumination],OK,Atlanta,is_a,city
243,8,full_text + noisy_diagram[illumination],OK,Des Moines to Phoenix,is_a,trip segment
243,8,full_text + noisy_diagram[illumination],OK,Phoenix to Atlanta,is_a,trip segment
243,8,full_text + noisy_diagram[illumination],OK,Atlanta to Des Moines,is_a,trip segment
243,8,full_text + noisy_diagram[illumination],OK,Des Moines to Phoenix,has_measure,110x + 53 miles
243,8,full_text + noisy_diagram[illumination],OK,Phoenix to Atlanta,has_measure,150x + 91 miles
243,8,full_text + noisy_diagram[illumination],OK,Atlanta to Des Moines,has_measure,73.8x miles
243,8,full_text + noisy_diagram[illumination],OK,total trip distance,has_measure,3482 miles
243,8,full_text + noisy_diagram[illumination],OK,Des Moines to Phoenix,connects,Phoenix
243,8,full_text + noisy_diagram[illumination],OK,Phoenix to Atlanta,connects,Atlanta
243,8,full_text + noisy_diagram[illumination],OK,Atlanta to Des Moines,connects,Des Moines
243,8,full_text + noisy_diagram[illumination],OK,Des Moines to Phoenix,lies_on,path
243,8,full_text + noisy_diagram[illumination],OK,Phoenix to Atlanta,lies_on,path
243,8,full_text + noisy_diagram[illumination],OK,Atlanta to Des Moines,lies_on,path
243,8,full_text + noisy_diagram[illumination],OK,Phoenix to Atlanta,is_a,query target
,,,,,,
257,8,full_text + noisy_diagram[illumination],OK,A,is_a,point
257,8,full_text + noisy_diagram[illumination],OK,AB,is_a,segment
257,8,full_text + noisy_diagram[illumination],OK,AC,is_a,segment
257,8,full_text + noisy_diagram[illumination],OK,AE,is_a,segment
257,8,full_text + noisy_diagram[illumination],OK,AD,is_a,segment
257,8,full_text + noisy_diagram[illumination],OK,ED,is_a,segment
257,8,full_text + noisy_diagram[illumination],OK,ABE,is_a,triangle
257,8,full_text + noisy_diagram[illumination],OK,ACD,is_a,triangle
257,8,full_text + noisy_diagram[illumination],OK,AB,has_measure,12_units
257,8,full_text + noisy_diagram[illumination],OK,AC,has_measure,16_units
257,8,full_text + noisy_diagram[illumination],OK,ED,has_measure,5_units
257,8,full_text + noisy_diagram[illumination],OK,BE,parallel_to,CD
257,8,full_text + noisy_diagram[illumination],OK,A,lies_on,AB
257,8,full_text + noisy_diagram[illumination],OK,A,lies_on,AC
257,8,full_text + noisy_diagram[illumination],OK,A,lies_on,AE
257,8,full_text + noisy_diagram[illumination],OK,E,lies_on,AE
257,8,full_text + noisy_diagram[illumination],OK,E,lies_on,ED
257,8,full_text + noisy_diagram[illumination],OK,D,lies_on,ED
257,8,full_text + noisy_diagram[illumination],OK,B,lies_on,AB
257,8,full_text + noisy_diagram[illumination],OK,B,lies_on,BE
257,8,full_text + noisy_diagram[illumination],OK,C,lies_on,AC
257,8,full_text + noisy_diagram[illumination],OK,C,lies_on,CD
,,,,,,
264,8,full_text + noisy_diagram[illumination],OK,M,is_a,point
264,8,full_text + noisy_diagram[illumination],OK,1,lies_on,M
264,8,full_text + noisy_diagram[illumination],OK,N,is_a,point
264,8,full_text + noisy_diagram[illumination],OK,P,is_a,point
264,8,full_text + noisy_diagram[illumination],OK,Q,is_a,point
264,8,full_text + noisy_diagram[illumination],OK,MN,is_a,segment
264,8,full_text + noisy_diagram[illumination],OK,NP,is_a,segment
264,8,full_text + noisy_diagram[illumination],OK,PQ,is_a,segment
264,8,full_text + noisy_diagram[illumination],OK,MQ,is_a,segment
264,8,full_text + noisy_diagram[illumination],OK,MNPQ,is_a,parallelogram
264,8,full_text + noisy_diagram[illumination],OK,∠M,is_a,angle
264,8,full_text + noisy_diagram[illumination],OK,∠N,is_a,angle
264,8,full_text + noisy_diagram[illumination],OK,∠P,is_a,angle
264,8,full_text + noisy_diagram[illumination],OK,∠Q,is_a,angle
264,8,full_text + noisy_diagram[illumination],OK,∠M,has_measure,10x_deg
264,8,full_text + noisy_diagram[illumination],OK,∠N,has_measure,20x_deg
264,8,full_text + noisy_diagram[illumination],OK,∠M,parallel_to,∠P
264,8,full_text + noisy_diagram[illumination],OK,∠N,parallel_to,∠Q
,,,,,,
281,8,full_text + noisy_diagram[illumination],OK,A,is_a,point
281,8,full_text + noisy_diagram[illumination],OK,B,is_a,point
281,8,full_text + noisy_diagram[illumination],OK,C,is_a,point
281,8,full_text + noisy_diagram[illumination],OK,AB,is_a,segment
281,8,full_text + noisy_diagram[illumination],OK,AC,is_a,segment
281,8,full_text + noisy_diagram[illumination],OK,BC,is_a,segment
281,8,full_text + noisy_diagram[illumination],OK,∠ACB,is_a,angle
281,8,full_text + noisy_diagram[illumination],OK,AC,has_measure,24_units
281,8,full_text + noisy_diagram[illumination],OK,BC,has_measure,10_units
281,8,full_text + noisy_diagram[illumination],OK,AB,has_measure,26_units
281,8,full_text + noisy_diagram[illumination],OK,∠ACB,has_measure,90_deg
281,8,full_text + noisy_diagram[illumination],OK,∠ACB,is_a,right_angle
,,,,,,
327,8,full_text + noisy_diagram[illumination],OK,X,is_a,point
327,8,full_text + noisy_diagram[illumination],OK,Y,is_a,point
327,8,full_text + noisy_diagram[illumination],OK,Z,is_a,point
327,8,full_text + noisy_diagram[illumination],OK,XY,is_a,segment
327,8,full_text + noisy_diagram[illumination],OK,XZ,is_a,segment
327,8,full_text + noisy_diagram[illumination],OK,XY,has_measure,b_km
327,8,full_text + noisy_diagram[illumination],OK,XZ,has_measure,d_km
327,8,full_text + noisy_diagram[illumination],OK,YZ,has_measure,10.7_km
327,8,full_text + noisy_diagram[illumination],OK,Z,lies_on,bearing
327,8,full_text + noisy_diagram[illumination],OK,Z,has_bearing,335_deg
327,8,full_text + noisy_diagram[illumination],OK,Y,lies_on,west
327,8,full_text + noisy_diagram[illumination],OK,Z,lies_on,north
,,,,,,
348,8,full_text + noisy_diagram[illumination],OK,altitude,has_measure,198m
348,8,full_text + noisy_diagram[illumination],OK,altitude,is_a,segment
348,8,full_text + noisy_diagram[illumination],OK,angle_of_depression,has_measure,44_deg
348,8,full_text + noisy_diagram[illumination],OK,landing_pad,is_a,point
348,8,full_text + noisy_diagram[illumination],OK,helicopter,is_a,point
348,8,full_text + noisy_diagram[illumination],OK,d,is_a,segment
348,8,full_text + noisy_diagram[illumination],OK,d,has_measure,?
,,,,,,
364,8,full_text + noisy_diagram[illumination],OK,T,is_a,point
364,8,full_text + noisy_diagram[illumination],OK,bridge,is_a,object
364,8,full_text + noisy_diagram[illumination],OK,tower,is_a,object
364,8,full_text + noisy_diagram[illumination],OK,cable,is_a,object
364,8,full_text + noisy_diagram[illumination],OK,T,lies_on,tower
364,8,full_text + noisy_diagram[illumination],OK,bridge,has_measure,65.9_m
364,8,full_text + noisy_diagram[illumination],OK,tower,has_measure,35.5_m
364,8,full_text + noisy_diagram[illumination],OK,cable,intersects,bridge
364,8,full_text + noisy_diagram[illumination],OK,cable,intersects,tower
364,8,full_text + noisy_diagram[illumination],OK,cable,mapped_to,h
364,8,full_text + noisy_diagram[illumination],OK,h,is_a,length
,,,,,,
365,8,full_text + noisy_diagram[illumination],OK,plane,is_a,object
365,8,full_text + noisy_diagram[illumination],OK,airport_runway,is_a,object
365,8,full_text + noisy_diagram[illumination],OK,plane,has_measure,10369 m
365,8,full_text + noisy_diagram[illumination],OK,plane,lies_on,line
365,8,full_text + noisy_diagram[illumination],OK,airport_runway,lies_on,line
365,8,full_text + noisy_diagram[illumination],OK,line,has_measure,23444 m
365,8,full_text + noisy_diagram[illumination],OK,angle,is_a,angle
365,8,full_text + noisy_diagram[illumination],OK,angle,has_measure,θ°
365,8,full_text + noisy_diagram[illumination],OK,θ°,is_a,?
365,8,full_text + noisy_diagram[illumination],OK,problem,query_target,θ°
,,,,,,
420,8,full_text + noisy_diagram[illumination],OK,A,is_a,point
420,8,full_text + noisy_diagram[illumination],OK,B,is_a,point
420,8,full_text + noisy_diagram[illumination],OK,C,is_a,point
420,8,full_text + noisy_diagram[illumination],OK,D,is_a,point
420,8,full_text + noisy_diagram[illumination],OK,AB,is_a,segment
420,8,full_text + noisy_diagram[illumination],OK,BC,is_a,segment
420,8,full_text + noisy_diagram[illumination],OK,CD,is_a,segment
420,8,full_text + noisy_diagram[illumination],OK,AD,is_a,segment
420,8,full_text + noisy_diagram[illumination],OK,ABCD,is_a,trapezium
420,8,full_text + noisy_diagram[illumination],OK,AB,parallel_to,CD
420,8,full_text + noisy_diagram[illumination],OK,BC,has_measure,10_cm
420,8,full_text + noisy_diagram[illumination],OK,BC,lies_on,line
420,8,full_text + noisy_diagram[illumination],OK,BE,is_a,segment
420,8,full_text + noisy_diagram[illumination],OK,BE,has_measure,6_cm
420,8,full_text + noisy_diagram[illumination],OK,BE,perpendicular_to,AD
420,8,full_text + noisy_diagram[illumination],OK,x,has_measure,?
420,8,full_text + noisy_diagram[illumination],OK,AB,has_measure,x
,,,,,,
432,8,full_text + noisy_diagram[illumination],OK,A,is_a,point
432,8,full_text + noisy_diagram[illumination],OK,B,is_a,point
432,8,full_text + noisy_diagram[illumination],OK,d,is_a,distance
432,8,full_text + noisy_diagram[illumination],OK,d,has_measure,?
432,8,full_text + noisy_diagram[illumination],OK,A,connects,B
,,,,,,
438,8,full_text + noisy_diagram[illumination],OK,2,is_a,point
438,8,full_text + noisy_diagram[illumination],OK,2,lies_on,x-axis
438,8,full_text + noisy_diagram[illumination],OK,2,-3,"is_a, vertex"
438,8,full_text + noisy_diagram[illumination],OK,2,-8,"connects, center"
438,8,full_text + noisy_diagram[illumination],OK,Equation,is_a,query_target
,,,,,,
441,8,full_text + noisy_diagram[illumination],OK,P,is_a,point
441,8,full_text + noisy_diagram[illumination],OK,P,lies_on,unit circle
441,8,full_text + noisy_diagram[illumination],OK,a,is_a,angle
441,8,full_text + noisy_diagram[illumination],OK,a,is_in,standard position
441,8,full_text + noisy_diagram[illumination],OK,OP,is_a,radius_of
441,8,full_text + noisy_diagram[illumination],OK,OP,has_length,1
,,,,,,
447,8,full_text + noisy_diagram[illumination],OK,P,is_a,point
447,8,full_text + noisy_diagram[illumination],OK,a,is_a,angle
447,8,full_text + noisy_diagram[illumination],OK,P,lies_on,unit circle
447,8,full_text + noisy_diagram[illumination],OK,a,is_in,standard position
447,8,full_text + noisy_diagram[illumination],OK,unit circle,has_property,radius = 1
,,,,,,
449,8,full_text + noisy_diagram[illumination],OK,O,is_a,point
449,8,full_text + noisy_diagram[illumination],OK,O,is_a,origin
449,8,full_text + noisy_diagram[illumination],OK,circle,is_a,unit_circle
449,8,full_text + noisy_diagram[illumination],OK,circle,center_of,O
449,8,full_text + noisy_diagram[illumination],OK,P,is_a,point
449,8,full_text + noisy_diagram[illumination],OK,P,lies_on,circle
449,8,full_text + noisy_diagram[illumination],OK,OP,is_a,"radius_of, circle"
449,8,full_text + noisy_diagram[illumination],OK,OP,has_measure,1_units
449,8,full_text + noisy_diagram[illumination],OK,θ,is_a,angle
449,8,full_text + noisy_diagram[illumination],OK,sec θ,is_a,query_target
449,8,full_text + noisy_diagram[illumination],OK,OP,is_a,segment
,,,,,,
457,8,full_text + noisy_diagram[illumination],OK,1,is_a,point
457,8,full_text + noisy_diagram[illumination],OK,3,is_a,point
457,8,full_text + noisy_diagram[illumination],OK,6,is_a,radius
457,8,full_text + noisy_diagram[illumination],OK,1,3,"is_a, center"
457,8,full_text + noisy_diagram[illumination],OK,?,is_a,equation
,,,,,,
472,8,full_text + noisy_diagram[illumination],OK,A,is_a,point
472,8,full_text + noisy_diagram[illumination],OK,B,is_a,point
472,8,full_text + noisy_diagram[illumination],OK,C,is_a,point
472,8,full_text + noisy_diagram[illumination],OK,D,is_a,point
472,8,full_text + noisy_diagram[illumination],OK,E,is_a,point
472,8,full_text + noisy_diagram[illumination],OK,O,is_a,center_of
472,8,full_text + noisy_diagram[illumination],OK,- A,is_a,point
472,8,full_text + noisy_diagram[illumination],OK,- B,is_a,point
472,8,full_text + noisy_diagram[illumination],OK,- C,is_a,point
472,8,full_text + noisy_diagram[illumination],OK,- D,is_a,point
472,8,full_text + noisy_diagram[illumination],OK,- E,is_a,point
,,,,,,
